,STATE_UT_NAME,DISTRICT,JAN,FEB,MAR,APR,MAY,JUN,JUL,AUG,SEP,OCT,NOV,DEC,ANNUAL,Jan-Feb,Mar-May,Jun-Sep,Oct-Dec,lat,longs
0,ANDAMAN And NICOBAR ISLANDS,NICOBAR,107.3,57.9,65.2,117.0,358.5,295.5,285.0,271.9,354.8,326.0,315.2,250.9,2805.2,165.2,540.7,1207.2,892.1,13.347490,77.102173
1,ANDAMAN And NICOBAR ISLANDS,SOUTH ANDAMAN,43.7,26.0,18.6,90.5,374.4,457.2,421.3,423.1,455.6,301.2,275.8,128.3,3015.7,69.7,483.5,1757.2,705.3,13.347490,77.102173
2,ANDAMAN And NICOBAR ISLANDS,N & M ANDAMAN,32.7,15.9,8.6,53.4,343.6,503.3,465.4,460.9,454.8,276.1,198.6,100.0,2913.3,48.6,405.6,1884.4,574.7,13.347490,77.102173
3,ARUNACHAL PRADESH,LOHIT,42.2,80.8,176.4,358.5,306.4,447.0,660.1,427.8,313.6,167.1,34.1,29.8,3043.8,123.0,841.3,1848.5,231.0,13.347490,77.102173
4,ARUNACHAL PRADESH,EAST SIANG,33.3,79.5,105.9,216.5,323.0,738.3,990.9,711.2,568.0,206.9,29.5,31.7,4034.7,112.8,645.4,3008.4,268.1,13.347490,77.102173
5,ARUNACHAL PRADESH,SUBANSIRI F.D,28.0,48.3,85.3,101.5,140.5,228.4,217.4,182.8,159.8,75.9,20.9,11.6,1300.4,76.3,327.3,788.4,108.4,13.347490,77.102173
6,ARUNACHAL PRADESH,TIRAP,42.2,72.7,141.0,316.9,328.7,614.7,851.9,500.6,418.3,218.7,42.9,22.9,3571.5,114.9,786.6,2385.5,284.5,13.347490,77.102173
7,ARUNACHAL PRADESH,ANJAW (LOHIT),42.2,80.8,176.4,358.5,306.4,447.0,660.1,427.8,313.6,167.1,34.1,29.8,3043.8,123.0,841.3,1848.5,231.0,13.347490,77.102173
8,ARUNACHAL PRADESH,LOWER DIBANG,83.7,153.9,303.5,383.6,268.0,374.2,272.0,160.5,266.7,167.2,64.0,56.0,2553.3,237.6,955.1,1073.4,287.2,13.347490,77.102173
9,ARUNACHAL PRADESH,CHANGLANG,70.3,170.9,367.9,554.4,334.2,526.2,460.8,291.5,353.6,275.0,64.9,74.2,3543.9,241.2,1256.5,1632.1,414.1,13.347490,77.102173
10,ARUNACHAL PRADESH,PAPUM PARE,33.5,67.8,106.1,226.9,453.0,640.5,609.5,503.4,492.3,214.7,19.2,11.3,3378.2,101.3,786.0,2245.7,245.2,13.347490,77.102173
11,ARUNACHAL PRADESH,LOW SUBANSIRI,97.5,109.3,92.4,204.3,266.2,284.1,248.9,270.5,192.7,78.5,49.5,27.2,1921.1,206.8,562.9,996.2,155.2,13.347490,77.102173
12,ARUNACHAL PRADESH,UPPER SIANG,74.3,176.7,362.6,397.5,408.7,801.9,653.0,417.9,686.0,264.9,86.9,71.7,4402.1,251.0,1168.8,2558.8,423.5,13.347490,77.102173
13,ARUNACHAL PRADESH,WEST SIANG,26.0,66.7,76.8,229.2,239.5,416.6,592.4,312.4,291.1,126.8,33.7,29.5,2440.7,92.7,545.5,1612.5,190.0,13.347490,77.102173
14,ARUNACHAL PRADESH,DIBANG VALLEY,83.7,153.9,303.5,383.6,268.0,374.2,272.0,160.5,266.7,167.2,64.0,56.0,2553.3,237.6,955.1,1073.4,287.2,13.347490,77.102173
15,ARUNACHAL PRADESH,WEST KAMENG,35.2,43.5,58.9,134.3,341.1,665.3,749.9,579.1,490.9,233.9,40.3,27.0,3399.4,78.7,534.3,2485.2,301.2,13.347490,77.102173
16,ARUNACHAL PRADESH,EAST KAMENG,49.0,74.4,96.5,156.9,208.0,345.7,368.5,256.2,275.9,138.2,34.4,27.2,2030.9,123.4,461.4,1246.3,199.8,13.347490,77.102173
17,ARUNACHAL PRADESH,TAWANG(W KAME,35.2,43.5,58.9,134.3,341.1,665.3,749.9,579.1,490.9,233.9,40.3,27.0,3399.4,78.7,534.3,2485.2,301.2,13.347490,77.102173
18,ARUNACHAL PRADESH,KURUNG KUMEY,82.7,70.0,128.2,245.7,271.4,292.7,404.0,276.3,283.5,92.3,32.3,42.4,2221.5,152.7,645.3,1256.5,167.0,13.347490,77.102173
19,ASSAM,CACHAR,13.3,50.2,168.3,262.5,386.4,532.1,526.2,470.8,360.8,182.4,34.8,11.4,2999.2,63.5,817.2,1889.9,228.6,13.347490,77.102173
20,ASSAM,DARRANG,13.1,21.4,53.5,168.8,320.0,419.7,345.8,272.1,221.5,95.4,17.2,9.3,1957.8,34.5,542.3,1259.1,121.9,13.347490,77.102173
21,ASSAM,GOALPARA,12.7,20.4,51.1,196.6,399.8,567.8,502.8,334.6,304.9,157.7,21.7,5.2,2575.3,33.1,647.5,1710.1,184.6,13.347490,77.102173
22,ASSAM,KAMRUP,12.0,20.8,58.6,151.7,293.4,365.5,345.1,248.7,188.4,106.6,15.1,7.5,1813.4,32.8,503.7,1147.7,129.2,13.347490,77.102173
23,ASSAM,LAKHIMPUR,27.7,48.6,76.7,165.5,331.9,528.3,605.2,467.6,424.1,140.3,23.0,20.4,2859.3,76.3,574.1,2025.2,183.7,13.347490,77.102173
24,ASSAM,NORTH CACHAR,16.7,47.5,158.9,207.9,308.0,328.1,270.3,201.3,189.1,196.4,42.1,11.2,1977.5,64.2,674.8,988.8,249.7,13.347490,77.102173
25,ASSAM,NAGAON,12.0,22.5,48.1,128.9,171.3,285.9,326.3,294.1,218.6,120.0,21.6,10.8,1660.1,34.5,348.3,1124.9,152.4,13.347490,77.102173
26,ASSAM,SIVASAGAR,20.1,33.2,78.3,126.5,257.1,255.5,374.8,342.3,196.9,96.3,20.3,10.3,1811.6,53.3,461.9,1169.5,126.9,13.347490,77.102173
27,ASSAM,BARPETA,10.3,26.9,54.0,175.7,391.5,694.3,757.3,527.3,462.1,142.1,20.4,12.7,3274.6,37.2,621.2,2441.0,175.2,13.347490,77.102173
28,ASSAM,DHUBRI,10.3,11.7,46.6,147.5,391.6,603.0,554.7,418.7,340.1,155.1,19.2,4.1,2702.6,22.0,585.7,1916.5,178.4,13.347490,77.102173
29,ASSAM,DIBRUGARH,30.6,53.1,119.8,229.9,292.4,401.0,519.4,405.1,325.9,136.9,24.0,18.5,2556.6,83.7,642.1,1651.4,179.4,13.347490,77.102173
30,ASSAM,JORHAT,22.2,36.7,80.1,204.6,277.4,288.8,390.7,346.9,272.7,121.7,25.6,15.6,2083.0,58.9,562.1,1299.1,162.9,13.347490,77.102173
31,ASSAM,KARIMGANJ,13.2,35.2,169.7,340.4,604.0,645.2,646.0,438.0,418.7,240.4,86.8,13.2,3650.8,48.4,1114.1,2147.9,340.4,13.347490,77.102173
32,ASSAM,KOKRAJHAR,10.9,27.9,45.8,216.4,461.1,822.2,864.2,677.1,462.9,159.5,18.1,6.1,3772.2,38.8,723.3,2826.4,183.7,13.347490,77.102173
33,ASSAM,SHONITPUR,19.4,23.1,50.0,144.3,284.1,363.1,384.2,337.9,229.2,109.7,20.9,12.6,1978.5,42.5,478.4,1314.4,143.2,13.347490,77.102173
34,ASSAM,GOLAGHAT,16.9,29.5,65.2,135.9,245.6,254.2,314.7,271.4,209.3,103.7,19.6,14.7,1680.7,46.4,446.7,1049.6,138.0,13.347490,77.102173
35,ASSAM,TINSUKIA,26.6,58.4,131.2,215.9,272.7,388.3,515.3,387.2,327.0,118.7,25.1,18.9,2485.3,85.0,619.8,1617.8,162.7,13.347490,77.102173
36,ASSAM,HAILAKANDI,7.3,42.0,123.8,239.0,416.2,470.4,426.8,406.9,317.0,150.6,36.5,9.1,2645.6,49.3,779.0,1621.1,196.2,13.347490,77.102173
37,ASSAM,DHEMAJI(LAKHI,27.7,48.6,76.7,165.5,331.9,528.3,605.2,467.6,424.1,140.3,23.0,20.4,2859.3,76.3,574.1,2025.2,183.7,13.347490,77.102173
38,ASSAM,KARBI ANGLONG,12.8,24.1,53.8,106.3,139.4,224.9,238.7,220.5,182.9,100.1,26.3,11.2,1341.0,36.9,299.5,867.0,137.6,13.347490,77.102173
39,ASSAM,UDALGURI(DARA,13.1,21.4,53.5,168.8,320.0,419.7,345.8,272.1,221.5,95.4,17.2,9.3,1957.8,34.5,542.3,1259.1,121.9,13.347490,77.102173
40,ASSAM,KAMRUP METROP,12.0,20.8,58.6,151.7,293.4,365.5,345.1,248.7,188.4,106.6,15.1,7.5,1813.4,32.8,503.7,1147.7,129.2,13.347490,77.102173
41,ASSAM,CHIRANG(BONGAI,10.0,31.2,57.5,183.4,442.0,626.3,776.6,486.8,406.4,168.2,18.7,11.6,3218.7,41.2,682.9,2296.1,198.5,13.347490,77.102173
42,ASSAM,BAKSA BARPETA,10.3,26.9,54.0,175.7,391.5,694.3,757.3,527.3,462.1,142.1,20.4,12.7,3274.6,37.2,621.2,2441.0,175.2,13.347490,77.102173
43,ASSAM,BONGAIGAON,10.0,31.2,57.5,183.4,442.0,626.3,776.6,486.8,406.4,168.2,18.7,11.6,3218.7,41.2,682.9,2296.1,198.5,13.347490,77.102173
44,ASSAM,MORIGAON,18.7,24.4,51.6,116.8,169.1,310.1,374.8,309.2,221.4,119.3,19.9,8.2,1743.5,43.1,337.5,1215.5,147.4,13.347490,77.102173
45,ASSAM,NALBARI,14.9,18.6,56.7,184.6,380.7,551.2,470.9,322.0,220.2,110.4,21.6,4.8,2356.6,33.5,622.0,1564.3,136.8,13.347490,77.102173
46,MEGHALAYA,EAST KHASI HI,15.4,24.1,129.7,312.5,733.7,1476.2,1518.4,1019.4,607.8,277.9,40.3,10.7,6166.1,39.5,1175.9,4621.8,328.9,13.347490,77.102173
47,MEGHALAYA,JAINTIA HILLS,33.8,44.1,115.1,282.3,598.8,1316.1,1591.3,933.8,826.3,517.7,110.9,9.7,6379.9,77.9,996.2,4667.5,638.3,13.347490,77.102173
48,MEGHALAYA,EAST GARO HIL,5.6,16.0,64.0,244.4,352.2,531.1,465.8,358.9,315.7,154.1,35.8,10.8,2554.4,21.6,660.6,1671.5,200.7,13.347490,77.102173
49,MEGHALAYA,RI-BHOI,16.2,15.1,55.8,117.1,273.3,340.5,425.6,400.2,313.2,125.4,25.7,8.8,2116.9,31.3,446.2,1479.5,159.9,13.347490,77.102173
50,MEGHALAYA,SOUTH GARO HI,6.8,10.7,48.7,180.9,350.0,492.6,476.4,385.2,327.3,155.7,16.1,9.4,2459.8,17.5,579.6,1681.5,181.2,13.347490,77.102173
51,MEGHALAYA,W KHASI HILL,19.7,31.1,61.3,160.5,352.3,651.5,1050.3,607.9,465.3,192.5,32.1,18.5,3643.0,50.8,574.1,2775.0,243.1,13.347490,77.102173
52,MEGHALAYA,WEST GARO HIL,6.8,10.7,48.7,180.9,350.0,492.6,476.4,385.2,327.3,155.7,16.1,9.4,2459.8,17.5,579.6,1681.5,181.2,13.347490,77.102173
53,MANIPUR,IMPHAL EAST,13.5,34.3,84.5,145.5,208.9,370.7,324.0,280.4,189.1,144.0,36.1,8.2,1839.2,47.8,438.9,1164.2,188.3,13.347490,77.102173
54,MANIPUR,SENAPATI,13.3,29.9,47.5,124.7,198.4,368.2,366.1,326.6,220.1,156.0,57.0,14.8,1922.6,43.2,370.6,1281.0,227.8,13.347490,77.102173
55,MANIPUR,TAMENGLONG,48.5,229.6,224.5,431.5,539.9,1158.7,1820.9,1522.1,726.3,376.1,144.0,7.2,7229.3,278.1,1195.9,5228.0,527.3,13.347490,77.102173
56,MANIPUR,CHANDEL,8.5,27.9,36.3,77.9,179.0,609.9,540.3,490.9,366.0,254.9,48.3,7.6,2647.5,36.4,293.2,2007.1,310.8,13.347490,77.102173
57,MANIPUR,UKHRUL,14.5,36.1,56.9,76.6,122.2,348.3,296.8,243.3,169.1,122.7,49.4,13.1,1549.0,50.6,255.7,1057.5,185.2,13.347490,77.102173
58,MANIPUR,THOUBAL,15.3,26.2,43.1,96.2,140.1,333.0,181.7,212.1,106.8,94.6,27.9,9.3,1286.3,41.5,279.4,833.6,131.8,13.347490,77.102173
59,MANIPUR,BISHNUPUR,54.5,50.0,112.4,108.1,159.3,435.6,310.4,368.9,219.4,237.0,56.9,15.0,2127.5,104.5,379.8,1334.3,308.9,13.347490,77.102173
60,MANIPUR,IMPHAL WEST,22.3,31.0,63.8,109.1,134.6,337.3,234.7,239.3,160.5,144.5,34.3,19.5,1530.9,53.3,307.5,971.8,198.3,13.347490,77.102173
61,MANIPUR,CHURACHANDPUR,13.0,31.1,72.7,187.3,238.0,422.1,407.6,382.6,348.3,173.2,50.1,11.4,2337.4,44.1,498.0,1560.6,234.7,13.347490,77.102173
62,MIZORAM,AIZAWL,13.8,31.2,107.9,185.8,351.4,467.7,448.7,480.7,390.9,254.5,65.3,16.5,2814.4,45.0,645.1,1788.0,336.3,13.347490,77.102173
63,MIZORAM,CHAMPHAI,13.4,21.8,83.0,122.7,261.5,350.5,369.3,336.6,296.1,226.7,64.5,22.5,2168.6,35.2,467.2,1352.5,313.7,13.347490,77.102173
64,MIZORAM,KOLASIB,13.4,40.0,131.6,183.5,316.4,437.6,431.9,453.2,369.8,219.8,49.9,12.9,2660.0,53.4,631.5,1692.5,282.6,13.347490,77.102173
65,MIZORAM,LUNGLEI,5.5,21.8,88.0,119.3,310.3,459.4,514.6,481.7,410.6,245.4,65.9,8.6,2731.1,27.3,517.6,1866.3,319.9,13.347490,77.102173
66,MIZORAM,CHHIMTUIPUI,13.8,31.2,107.9,185.8,351.4,467.7,448.7,480.7,390.9,254.5,65.3,16.5,2814.4,45.0,645.1,1788.0,336.3,13.347490,77.102173
67,MIZORAM,LAWNGTLAI,8.3,27.5,66.7,122.9,319.8,437.2,493.9,408.8,365.8,231.5,66.0,9.2,2557.6,35.8,509.4,1705.7,306.7,13.347490,77.102173
68,MIZORAM,MAMIT,13.8,31.2,107.9,185.8,351.4,467.7,448.7,480.7,390.9,254.5,65.3,16.5,2814.4,45.0,645.1,1788.0,336.3,13.347490,77.102173
69,MIZORAM,SAIHA,6.7,31.0,69.7,116.7,335.4,384.8,437.9,412.2,387.7,214.2,67.9,16.4,2480.6,37.7,521.8,1622.6,298.5,13.347490,77.102173
70,MIZORAM,SERCHHIP,15.4,33.8,103.6,150.9,294.3,395.9,477.1,430.7,346.7,167.3,71.6,18.5,2505.8,49.2,548.8,1650.4,257.4,13.347490,77.102173
71,NAGALAND,KOHIMA,12.3,28.8,55.8,89.8,162.0,308.2,365.4,376.1,258.3,130.2,31.8,6.1,1824.8,41.1,307.6,1308.0,168.1,13.347490,77.102173
72,NAGALAND,TUENSANG,23.7,26.8,65.7,177.2,225.7,350.3,441.8,352.2,241.8,122.5,41.6,10.7,2080.0,50.5,468.6,1386.1,174.8,13.347490,77.102173
73,NAGALAND,MOKOKCHUNG,23.4,31.1,60.9,138.3,287.1,525.5,525.1,394.2,231.3,137.3,43.1,12.5,2409.8,54.5,486.3,1676.1,192.9,13.347490,77.102173
74,NAGALAND,DIMAPUR,14.7,4.1,57.2,77.8,151.8,204.8,187.7,272.0,150.8,125.0,43.7,16.3,1305.9,18.8,286.8,815.3,185.0,13.347490,77.102173
75,NAGALAND,WOKHA,20.4,42.1,96.7,144.3,325.6,416.3,495.6,478.9,277.9,127.7,55.7,16.5,2497.7,62.5,566.6,1668.7,199.9,13.347490,77.102173
76,NAGALAND,MON,13.1,33.5,48.2,137.9,193.9,271.1,273.6,177.4,101.8,62.1,19.8,7.5,1339.9,46.6,380.0,823.9,89.4,13.347490,77.102173
77,NAGALAND,ZUNHEBOTO,23.7,26.8,65.7,177.2,225.7,350.3,441.8,352.2,241.8,122.5,41.6,10.7,2080.0,50.5,468.6,1386.1,174.8,13.347490,77.102173
78,NAGALAND,PHEK,12.3,28.8,55.8,89.8,162.0,308.2,365.4,376.1,258.3,130.2,31.8,6.1,1824.8,41.1,307.6,1308.0,168.1,13.347490,77.102173
79,NAGALAND,KEPHRIE,23.7,26.8,65.7,177.2,225.7,350.3,441.8,352.2,241.8,122.5,41.6,10.7,2080.0,50.5,468.6,1386.1,174.8,13.347490,77.102173
80,NAGALAND,LONGLENG,23.7,26.8,65.7,177.2,225.7,350.3,441.8,352.2,241.8,122.5,41.6,10.7,2080.0,50.5,468.6,1386.1,174.8,13.347490,77.102173
81,NAGALAND,PEREN,12.3,28.8,55.8,89.8,162.0,308.2,365.4,376.1,258.3,130.2,31.8,6.1,1824.8,41.1,307.6,1308.0,168.1,13.347490,77.102173
82,TRIPURA,NORTH TRIPURA,13.6,37.2,118.4,272.8,440.1,477.5,402.7,367.7,279.8,173.8,45.1,13.1,2641.8,50.8,831.3,1527.7,232.0,13.347490,77.102173
83,TRIPURA,SOUTH TRIPURA,8.1,30.6,78.5,169.7,335.0,474.9,497.4,396.8,255.1,175.1,44.5,9.7,2475.4,38.7,583.2,1624.2,229.3,13.347490,77.102173
84,TRIPURA,WEST TRIPURA,9.6,27.9,72.1,194.2,359.9,426.6,395.9,323.2,250.6,174.9,41.5,10.3,2286.7,37.5,626.2,1396.3,226.7,13.347490,77.102173
85,TRIPURA,DHALAI,13.6,38.9,105.5,246.3,431.3,482.7,363.9,338.2,255.9,182.8,42.1,11.4,2512.6,52.5,783.1,1440.7,236.3,13.347490,77.102173
86,WEST BENGAL,COOCH BEHAR,8.9,16.0,32.2,138.9,345.4,668.8,864.9,733.0,470.9,141.3,15.1,8.3,3443.7,24.9,516.5,2737.6,164.7,13.347490,77.102173
87,WEST BENGAL,DARJEELING,48.3,33.8,57.7,130.5,262.3,534.7,756.9,645.9,502.8,118.9,16.8,9.9,3118.5,82.1,450.5,2440.3,145.6,13.347490,77.102173
88,WEST BENGAL,JALPAIGURI,9.2,17.8,39.7,119.3,339.3,667.3,931.4,670.9,488.3,159.9,18.0,7.2,3468.3,27.0,498.3,2757.9,185.1,13.347490,77.102173
89,WEST BENGAL,MALDA,13.6,10.5,14.5,34.8,106.2,216.6,332.9,284.8,283.0,102.5,13.2,6.8,1419.4,24.1,155.5,1117.3,122.5,13.347490,77.102173
90,WEST BENGAL,SOUTH DINAJPUR,8.9,13.3,19.0,58.9,167.8,289.3,368.9,248.0,279.7,112.5,13.0,5.6,1584.9,22.2,245.7,1185.9,131.1,13.347490,77.102173
91,WEST BENGAL,NORTH DINAJPUR,21.5,2.0,8.0,35.7,162.9,316.0,367.0,307.7,403.8,90.7,9.1,3.2,1727.6,23.5,206.6,1394.5,103.0,13.347490,77.102173
92,SIKKIM,NORTH SIKKIM,61.6,98.5,199.5,238.3,355.4,503.0,489.4,428.2,389.7,265.0,43.5,22.4,3094.5,160.1,793.2,1810.3,330.9,13.347490,77.102173
93,SIKKIM,EAST SIKKIM,33.5,56.1,61.7,175.5,291.7,464.6,509.0,441.0,356.6,154.7,18.4,19.4,2582.2,89.6,528.9,1771.2,192.5,13.347490,77.102173
94,SIKKIM,WEST SIKKIM,61.6,98.5,199.5,238.3,355.4,503.0,489.4,428.2,389.7,265.0,43.5,22.4,3094.5,160.1,793.2,1810.3,330.9,13.347490,77.102173
95,SIKKIM,SOUTH SIKKIM,33.5,56.1,61.7,175.5,291.7,464.6,509.0,441.0,356.6,154.7,18.4,19.4,2582.2,89.6,528.9,1771.2,192.5,13.347490,77.102173
96,WEST BENGAL,BANKURA,12.0,18.0,22.0,36.3,66.9,215.0,303.2,290.7,242.3,105.2,9.8,9.5,1330.9,30.0,125.2,1051.2,124.5,13.347490,77.102173
97,WEST BENGAL,BIRBHUM,13.4,16.1,21.2,30.9,78.7,222.3,313.9,298.8,271.0,105.1,15.8,5.6,1392.8,29.5,130.8,1106.0,126.5,13.347490,77.102173
98,WEST BENGAL,BURDWAN,10.7,22.2,19.8,37.8,78.8,198.2,294.1,285.3,251.1,99.8,11.4,6.0,1315.2,32.9,136.4,1028.7,117.2,13.347490,77.102173
99,WEST BENGAL,HOOGHLY,11.9,26.6,28.2,50.6,108.5,243.4,316.1,265.1,243.3,102.1,16.0,6.9,1418.7,38.5,187.3,1067.9,125.0,13.347490,77.102173
100,WEST BENGAL,HOWRAH,12.2,24.9,32.0,52.6,126.4,233.2,343.2,329.4,305.6,99.1,31.3,10.1,1600.0,37.1,211.0,1211.4,140.5,13.347490,77.102173
101,WEST BENGAL,PURULIA,14.3,20.7,24.6,36.1,57.3,222.1,298.7,307.0,266.7,91.5,16.7,7.6,1363.3,35.0,118.0,1094.5,115.8,13.347490,77.102173
102,WEST BENGAL,MURSHIDABAD,16.8,11.2,19.0,34.0,87.0,237.6,328.6,256.9,256.2,126.3,11.0,6.5,1391.1,28.0,140.0,1079.3,143.8,13.347490,77.102173
103,WEST BENGAL,NADIA,12.2,17.6,21.1,42.1,95.2,234.1,270.8,236.0,214.1,100.2,10.4,7.8,1261.6,29.8,158.4,955.0,118.4,13.347490,77.102173
104,WEST BENGAL,NORTH 24 PARG,15.6,17.8,30.3,51.5,113.4,271.9,317.2,304.3,279.4,130.9,21.8,5.7,1559.8,33.4,195.2,1172.8,158.4,13.347490,77.102173
105,WEST BENGAL,SOUTH 24 PARG,13.6,26.7,37.9,41.7,125.1,316.0,463.6,416.2,356.8,218.4,62.3,9.7,2088.0,40.3,204.7,1552.6,290.4,13.347490,77.102173
106,WEST BENGAL,EAST MIDNAPOR,15.9,18.6,31.8,34.7,108.1,253.5,284.9,338.7,343.2,196.9,34.0,9.3,1669.6,34.5,174.6,1220.3,240.2,13.347490,77.102173
107,WEST BENGAL,WEST MIDNAPOR,12.2,24.1,39.0,56.8,107.6,243.8,329.5,316.0,276.8,106.5,17.9,5.3,1535.5,36.3,203.4,1166.1,129.7,13.347490,77.102173
108,WEST BENGAL,KOLKATA,14.4,24.7,33.5,53.1,113.4,278.3,361.0,335.2,306.6,155.3,24.8,8.9,1709.2,39.1,200.0,1281.1,189.0,13.347490,77.102173
109,ORISSA,BALASORE,11.9,36.0,38.4,59.2,120.9,259.1,287.2,334.4,296.4,190.1,38.8,6.6,1679.0,47.9,218.5,1177.1,235.5,13.347490,77.102173
110,ORISSA,BOLANGIR,11.1,15.9,20.1,22.7,37.5,200.5,386.2,366.9,220.5,69.5,13.6,6.3,1370.8,27.0,80.3,1174.1,89.4,13.347490,77.102173
111,ORISSA,KANDHAMAL/PHU,12.7,26.2,29.8,36.2,68.2,199.7,319.2,373.2,230.2,114.6,34.2,4.1,1448.3,38.9,134.2,1122.3,152.9,13.347490,77.102173
112,ORISSA,CUTTACK,14.7,26.9,28.9,43.2,74.3,227.2,338.0,352.3,245.0,124.5,40.2,4.5,1519.7,41.6,146.4,1162.5,169.2,13.347490,77.102173
113,ORISSA,DHENKANAL,7.3,20.8,31.3,38.4,71.2,226.1,315.8,369.1,233.4,125.5,25.5,4.6,1469.0,28.1,140.9,1144.4,155.6,13.347490,77.102173
114,ORISSA,GANJAM,13.3,22.7,30.3,41.5,85.3,158.8,219.2,245.0,210.4,198.4,70.8,8.8,1304.5,36.0,157.1,833.4,278.0,13.347490,77.102173
115,ORISSA,KALAHANDI,4.8,15.0,15.3,25.6,44.2,237.5,368.5,371.8,229.8,72.3,13.4,4.8,1403.0,19.8,85.1,1207.6,90.5,13.347490,77.102173
116,ORISSA,KEONDJHARGARH,16.2,31.8,37.0,50.2,101.2,232.9,277.7,320.2,225.7,113.6,24.5,5.7,1436.7,48.0,188.4,1056.5,143.8,13.347490,77.102173
117,ORISSA,KORAPUT,5.2,12.3,16.3,53.2,89.4,200.8,384.1,410.5,267.4,147.6,31.9,3.8,1622.5,17.5,158.9,1262.8,183.3,13.347490,77.102173
118,ORISSA,MAYURBHANJ,11.2,25.4,47.9,61.4,110.2,279.7,323.9,373.8,278.5,119.1,23.6,6.0,1660.7,36.6,219.5,1255.9,148.7,13.347490,77.102173
119,ORISSA,PURI,16.1,25.8,18.9,17.6,65.3,168.9,268.5,328.4,255.7,185.3,56.3,9.4,1416.2,41.9,101.8,1021.5,251.0,13.347490,77.102173
120,ORISSA,SAMBALPUR,12.1,19.9,20.1,15.6,32.4,226.6,418.3,464.6,251.6,58.2,9.0,5.1,1533.5,32.0,68.1,1361.1,72.3,13.347490,77.102173
121,ORISSA,SUNDARGARH,19.3,16.3,18.0,14.4,39.6,216.9,368.3,373.2,217.5,50.4,8.8,5.1,1347.8,35.6,72.0,1175.9,64.3,13.347490,77.102173
122,ORISSA,BHADRAK,9.9,34.1,37.6,53.1,103.9,218.4,269.8,354.0,227.7,159.5,35.3,4.1,1507.4,44.0,194.6,1069.9,198.9,13.347490,77.102173
123,ORISSA,JAJPUR,10.6,28.4,33.5,48.0,91.9,250.0,283.5,363.2,258.1,134.6,33.6,5.9,1541.3,39.0,173.4,1154.8,174.1,13.347490,77.102173
124,ORISSA,KENDRAPARA,8.4,32.6,37.2,27.8,90.5,205.8,257.4,362.6,262.7,179.9,70.2,5.5,1540.6,41.0,155.5,1088.5,255.6,13.347490,77.102173
125,ORISSA,ANGUL,6.9,19.1,25.1,29.7,55.4,205.8,320.2,355.4,228.0,98.1,14.7,3.6,1362.0,26.0,110.2,1109.4,116.4,13.347490,77.102173
126,ORISSA,NAWAPARA,12.5,11.8,16.9,24.0,33.9,182.9,347.3,302.1,184.9,60.7,14.8,5.6,1197.4,24.3,74.8,1017.2,81.1,13.347490,77.102173
127,ORISSA,MALKANGIRI,1.8,5.5,10.4,35.3,61.6,206.9,437.3,449.2,230.7,116.3,16.9,0.8,1572.7,7.3,107.3,1324.1,134.0,13.347490,77.102173
128,ORISSA,NAWARANGPUR,5.9,12.6,14.4,53.9,104.1,241.6,430.9,432.1,242.7,102.6,19.0,0.7,1660.5,18.5,172.4,1347.3,122.3,13.347490,77.102173
129,ORISSA,NAYAGARH,13.6,22.5,26.2,42.0,47.7,213.4,312.2,327.4,242.2,152.2,47.9,2.8,1450.1,36.1,115.9,1095.2,202.9,13.347490,77.102173
130,ORISSA,KHURDA,10.1,25.9,26.9,30.9,68.0,186.4,310.8,339.3,251.5,167.7,45.5,6.5,1469.5,36.0,125.8,1088.0,219.7,13.347490,77.102173
131,ORISSA,BARGARH,8.7,14.9,18.1,14.8,19.5,188.4,362.1,357.4,217.9,51.2,6.8,5.1,1264.9,23.6,52.4,1125.8,63.1,13.347490,77.102173
132,ORISSA,JHARSUGUDA,16.6,21.2,18.6,18.4,36.6,224.6,402.3,415.8,239.1,63.8,10.1,7.2,1474.3,37.8,73.6,1281.8,81.1,13.347490,77.102173
133,ORISSA,DEOGARH,12.1,19.9,20.1,15.6,32.4,226.6,418.3,464.6,251.6,58.2,9.0,5.1,1533.5,32.0,68.1,1361.1,72.3,13.347490,77.102173
134,ORISSA,RAYAGADA,12.4,23.1,38.5,56.0,94.0,173.2,314.6,266.5,206.2,109.4,29.0,4.0,1326.9,35.5,188.5,960.5,142.4,13.347490,77.102173
135,ORISSA,GAJAPATI,9.5,35.0,64.2,79.1,136.8,201.7,241.0,261.1,226.5,141.8,60.2,5.2,1462.1,44.5,280.1,930.3,207.2,13.347490,77.102173
136,ORISSA,JAGATSINGHAPU,10.7,29.0,35.3,41.3,107.1,237.2,287.3,360.6,235.7,145.1,67.5,8.2,1565.0,39.7,183.7,1120.8,220.8,13.347490,77.102173
137,ORISSA,BOUDHGARH,12.7,26.2,29.8,36.2,68.2,199.7,319.2,373.2,230.2,114.6,34.2,4.1,1448.3,38.9,134.2,1122.3,152.9,13.347490,77.102173
138,ORISSA,SONEPUR,6.0,14.3,18.5,14.3,30.4,178.2,380.4,432.5,252.3,56.9,6.7,4.9,1395.4,20.3,63.2,1243.4,68.5,13.347490,77.102173
139,JHARKHAND,BOKARO,11.8,13.7,18.3,19.0,38.2,188.6,308.1,300.8,250.7,77.9,14.0,6.4,1247.5,25.5,75.5,1048.2,98.3,13.347490,77.102173
140,JHARKHAND,DHANBAD,12.0,17.4,19.5,18.2,49.6,200.9,340.3,310.0,271.1,99.5,10.5,6.2,1355.2,29.4,87.3,1122.3,116.2,13.347490,77.102173
141,JHARKHAND,DUMKA,15.4,14.5,17.2,26.1,69.0,203.0,327.2,304.3,262.4,124.5,12.4,5.5,1381.5,29.9,112.3,1096.9,142.4,13.347490,77.102173
142,JHARKHAND,HAZARIBAG,14.1,15.3,14.8,11.7,35.5,176.9,317.5,289.6,221.9,81.8,7.9,9.0,1196.0,29.4,62.0,1005.9,98.7,13.347490,77.102173
143,JHARKHAND,PALAMU,17.3,12.8,10.8,7.1,15.1,140.3,306.7,298.9,228.6,46.6,5.7,6.0,1095.9,30.1,33.0,974.5,58.3,13.347490,77.102173
144,JHARKHAND,RANCHI,21.9,26.8,21.7,23.6,48.3,217.4,357.1,344.1,241.6,78.7,11.9,10.1,1403.2,48.7,93.6,1160.2,100.7,13.347490,77.102173
145,JHARKHAND,SAHIBGANJ,13.1,6.1,12.6,22.0,85.2,258.3,399.7,307.6,333.7,99.8,9.9,5.7,1553.7,19.2,119.8,1299.3,115.4,13.347490,77.102173
146,JHARKHAND,WEST SINGHBHUM,12.9,21.8,23.1,23.9,56.7,208.0,315.1,342.6,222.7,63.5,9.8,5.5,1305.6,34.7,103.7,1088.4,78.8,13.347490,77.102173
147,JHARKHAND,DEOGHAR,13.4,12.1,9.6,13.5,48.0,172.3,293.4,266.9,243.6,76.5,9.5,3.3,1162.1,25.5,71.1,976.2,89.3,13.347490,77.102173
148,JHARKHAND,GIRIDIH,11.5,9.9,13.7,18.0,40.6,206.5,342.9,275.8,239.8,80.3,8.0,5.7,1252.7,21.4,72.3,1065.0,94.0,13.347490,77.102173
149,JHARKHAND,GODDA,11.5,9.9,10.9,20.7,54.4,170.7,294.5,253.0,225.0,78.7,8.0,7.1,1144.4,21.4,86.0,943.2,93.8,13.347490,77.102173
150,JHARKHAND,GUMLA,22.2,20.4,19.1,25.5,47.1,229.0,372.7,343.2,252.1,68.3,13.0,8.7,1421.3,42.6,91.7,1197.0,90.0,13.347490,77.102173
151,JHARKHAND,LOHARDAGA,14.1,20.9,20.7,18.3,38.9,186.5,298.2,289.8,230.5,57.7,13.1,8.4,1197.1,35.0,77.9,1005.0,79.2,13.347490,77.102173
152,JHARKHAND,CHATRA,19.4,18.5,11.2,5.8,17.8,157.7,336.5,303.0,234.1,55.7,5.2,7.0,1171.9,37.9,34.8,1031.3,67.9,13.347490,77.102173
153,JHARKHAND,KODERMA,21.0,12.1,13.0,10.0,28.5,172.7,270.9,268.0,218.0,86.5,8.2,7.3,1116.2,33.1,51.5,929.6,102.0,13.347490,77.102173
154,JHARKHAND,PAKUR,14.6,12.8,15.2,34.2,86.1,228.5,377.5,339.2,341.0,143.7,13.4,6.2,1612.4,27.4,135.5,1286.2,163.3,13.347490,77.102173
155,JHARKHAND,EAST SINGHBHU,14.7,18.4,20.7,31.9,63.3,225.5,293.7,312.7,225.7,68.4,12.5,5.2,1292.7,33.1,115.9,1057.6,86.1,13.347490,77.102173
156,JHARKHAND,GARHWA,16.0,9.6,10.6,6.8,10.5,120.9,288.1,292.8,226.0,52.6,2.6,5.3,1041.8,25.6,27.9,927.8,60.5,13.347490,77.102173
157,JHARKHAND,SERAIKELA-KHA,18.0,21.1,21.8,24.3,51.4,240.7,322.5,321.9,250.4,71.8,10.3,5.4,1359.6,39.1,97.5,1135.5,87.5,13.347490,77.102173
158,JHARKHAND,JAMTARA,14.4,20.7,18.5,16.3,66.4,209.4,346.2,342.3,295.9,127.6,12.7,5.6,1476.0,35.1,101.2,1193.8,145.9,13.347490,77.102173
159,JHARKHAND,LATEHAR,16.6,18.6,20.4,9.0,22.7,168.6,340.7,288.5,224.0,66.6,7.8,8.0,1191.5,35.2,52.1,1021.8,82.4,13.347490,77.102173
160,JHARKHAND,SIMDEGA,19.1,18.9,15.5,23.9,35.0,237.8,459.4,404.7,281.2,58.8,12.6,6.2,1573.1,38.0,74.4,1383.1,77.6,13.347490,77.102173
161,JHARKHAND,KHUNTI(RANCHI,22.6,24.4,24.2,17.4,45.4,243.3,379.8,360.5,267.5,71.4,16.9,9.4,1482.8,47.0,87.0,1251.1,97.7,13.347490,77.102173
162,JHARKHAND,RAMGARH,12.5,15.0,13.3,20.7,47.3,207.1,323.8,287.4,235.5,68.8,9.2,7.7,1248.3,27.5,81.3,1053.8,85.7,13.347490,77.102173
163,BIHAR,BHAGALPUR,17.7,10.5,10.2,23.2,65.5,197.8,291.0,261.0,227.5,88.5,8.6,6.4,1207.9,28.2,98.9,977.3,103.5,13.347490,77.102173
164,BIHAR,EAST CHAMPARAN,12.7,9.7,7.8,13.2,49.1,163.5,354.5,297.4,206.2,73.2,4.4,6.0,1197.7,22.4,70.1,1021.6,83.6,13.347490,77.102173
165,BIHAR,DARBHANGA,16.0,9.5,12.3,21.3,59.9,156.7,296.5,285.1,186.3,66.7,8.6,4.7,1123.6,25.5,93.5,924.6,80.0,13.347490,77.102173
166,BIHAR,GAYA,14.6,10.9,8.7,6.1,18.0,128.2,298.1,271.9,180.5,53.7,7.5,5.7,1003.9,25.5,32.8,878.7,66.9,13.347490,77.102173
167,BIHAR,MUNGER,12.9,7.0,10.0,14.3,44.9,165.5,305.7,271.1,231.7,71.4,6.5,5.8,1146.8,19.9,69.2,974.0,83.7,13.347490,77.102173
168,BIHAR,MUZAFFARPUR,13.4,8.9,7.3,13.3,54.0,161.0,326.1,291.7,202.3,63.9,7.8,4.8,1154.5,22.3,74.6,981.1,76.5,13.347490,77.102173
169,BIHAR,WEST CHAMPARAN,18.6,10.8,12.8,18.3,56.3,229.3,447.0,349.3,249.4,65.9,5.1,9.2,1472.0,29.4,87.4,1275.0,80.2,13.347490,77.102173
170,BIHAR,PURNEA,9.1,9.0,12.9,33.7,121.6,244.8,434.2,338.6,295.7,83.4,8.2,7.0,1598.2,18.1,168.2,1313.3,98.6,13.347490,77.102173
171,BIHAR,GOPALGANJ,14.9,10.5,7.0,12.5,31.6,155.4,309.8,304.3,220.4,55.9,6.0,7.2,1135.5,25.4,51.1,989.9,69.1,13.347490,77.102173
172,BIHAR,MADHUBANI,11.1,9.5,9.3,30.8,79.3,185.2,375.5,307.1,191.7,76.0,5.7,12.1,1293.3,20.6,119.4,1059.5,93.8,13.347490,77.102173
173,BIHAR,AURANGABAD,18.1,11.2,7.8,5.7,14.4,122.1,290.0,253.9,193.6,44.3,7.8,6.0,974.9,29.3,27.9,859.6,58.1,13.347490,77.102173
174,BIHAR,BEGUSARAI,8.1,8.4,13.2,17.3,48.9,154.3,296.8,255.3,215.2,63.0,4.8,5.4,1090.7,16.5,79.4,921.6,73.2,13.347490,77.102173
175,BIHAR,BHOJPUR,12.5,13.4,6.9,10.3,24.9,108.7,334.6,277.6,203.5,45.1,8.6,5.4,1051.5,25.9,42.1,924.4,59.1,13.347490,77.102173
176,BIHAR,NALANDA,11.8,9.0,9.1,6.1,27.9,127.6,283.6,263.3,202.3,50.7,5.1,5.7,1002.2,20.8,43.1,876.8,61.5,13.347490,77.102173
177,BIHAR,PATNA,13.0,9.4,9.6,8.1,26.4,125.4,333.7,264.5,217.7,55.5,7.3,4.2,1074.8,22.4,44.1,941.3,67.0,13.347490,77.102173
178,BIHAR,KATIHAR,12.3,7.4,9.2,24.6,96.0,212.2,358.9,269.8,269.0,74.2,5.0,4.1,1342.7,19.7,129.8,1109.9,83.3,13.347490,77.102173
179,BIHAR,KHAGARIA,9.5,4.2,7.7,15.4,46.3,184.0,311.0,297.7,265.0,82.2,7.0,3.9,1233.9,13.7,69.4,1057.7,93.1,13.347490,77.102173
180,BIHAR,SARAN,16.3,9.4,8.5,9.3,35.6,133.2,334.1,291.8,214.4,59.2,6.5,5.5,1123.8,25.7,53.4,973.5,71.2,13.347490,77.102173
181,BIHAR,MADHEPURA,12.0,9.4,12.3,29.6,84.5,212.8,377.3,304.3,259.1,70.6,13.0,7.8,1392.7,21.4,126.4,1153.5,91.4,13.347490,77.102173
182,BIHAR,NAWADA,13.0,9.5,9.6,5.6,34.1,135.2,301.8,276.0,183.6,62.4,6.2,4.8,1041.8,22.5,49.3,896.6,73.4,13.347490,77.102173
183,BIHAR,ROHTAS,13.0,12.8,9.1,5.9,13.9,90.0,275.2,278.4,190.9,43.0,12.1,4.8,949.1,25.8,28.9,834.5,59.9,13.347490,77.102173
184,BIHAR,SAMASTIPUR,15.0,8.2,10.9,15.2,42.7,176.6,315.1,289.1,244.4,64.4,6.9,3.8,1192.3,23.2,68.8,1025.2,75.1,13.347490,77.102173
185,BIHAR,SITAMARHI,9.7,8.5,9.9,25.6,71.5,200.6,396.6,307.5,179.7,71.7,3.9,7.9,1293.1,18.2,107.0,1084.4,83.5,13.347490,77.102173
186,BIHAR,SIWAN,15.1,12.6,9.7,9.6,27.5,137.4,339.1,287.7,240.0,43.3,8.2,5.2,1135.4,27.7,46.8,1004.2,56.7,13.347490,77.102173
187,BIHAR,VAISHALI,15.3,8.4,7.2,14.6,26.8,137.6,375.0,285.3,223.7,73.3,5.4,3.9,1176.5,23.7,48.6,1021.6,82.6,13.347490,77.102173
188,BIHAR,JAHANABAD,12.8,7.6,7.0,13.1,23.1,112.5,255.6,255.8,196.5,39.1,7.7,5.8,936.6,20.4,43.2,820.4,52.6,13.347490,77.102173
189,BIHAR,BUXAR,14.1,6.7,6.8,3.7,17.6,110.9,287.1,263.0,200.2,53.7,6.8,4.8,975.4,20.8,28.1,861.2,65.3,13.347490,77.102173
190,BIHAR,ARARIA,13.8,8.0,15.4,36.8,114.5,271.7,444.6,352.4,278.3,84.0,7.4,5.3,1632.2,21.8,166.7,1347.0,96.7,13.347490,77.102173
191,BIHAR,BANKA,10.1,9.3,11.7,15.7,45.9,138.2,271.1,241.7,214.9,84.6,5.7,5.6,1054.5,19.4,73.3,865.9,95.9,13.347490,77.102173
192,BIHAR,BHABUA,26.4,16.4,10.0,5.5,18.6,131.0,311.7,299.4,253.0,42.4,5.5,6.4,1126.3,42.8,34.1,995.1,54.3,13.347490,77.102173
193,BIHAR,JAMUI,10.1,8.2,9.0,9.4,35.1,163.4,311.9,253.3,223.2,70.9,9.0,3.8,1107.3,18.3,53.5,951.8,83.7,13.347490,77.102173
194,BIHAR,KISHANGANJ,10.2,8.2,17.5,51.7,155.7,368.1,579.1,463.5,344.8,80.4,6.8,4.6,2090.6,18.4,224.9,1755.5,91.8,13.347490,77.102173
195,BIHAR,SHEIKHPURA,13.7,8.2,8.2,9.7,33.5,144.2,291.6,240.3,189.6,58.1,6.3,5.0,1008.4,21.9,51.4,865.7,69.4,13.347490,77.102173
196,BIHAR,SUPAUL,7.6,8.7,12.7,23.0,83.3,200.3,375.1,270.2,210.0,74.7,4.5,3.7,1273.8,16.3,119.0,1055.6,82.9,13.347490,77.102173
197,BIHAR,LAKHISARAI,12.9,7.0,10.0,14.3,44.9,165.5,305.7,271.1,231.7,71.4,6.5,5.8,1146.8,19.9,69.2,974.0,83.7,13.347490,77.102173
198,BIHAR,SHEOHAR,9.7,8.5,9.9,25.6,71.5,200.6,396.6,307.5,179.7,71.7,3.9,7.9,1293.1,18.2,107.0,1084.4,83.5,13.347490,77.102173
199,BIHAR,ARWAL,15.9,6.8,5.2,3.2,11.2,112.8,245.4,249.6,181.9,33.3,5.2,3.9,874.4,22.7,19.6,789.7,42.4,13.347490,77.102173
200,BIHAR,SAHARSA,6.1,10.9,12.8,39.6,107.1,249.4,515.1,352.8,290.8,94.6,3.7,10.0,1692.9,17.0,159.5,1408.1,108.3,13.347490,77.102173
201,UTTAR PRADESH,ALLAHABAD,17.5,10.0,7.6,3.6,6.6,82.1,265.5,278.8,182.3,34.6,9.4,4.6,902.6,27.5,17.8,808.7,48.6,13.347490,77.102173
202,UTTAR PRADESH,AZAMGARH,12.6,10.2,8.8,6.1,15.5,95.4,334.3,291.4,231.6,41.5,6.9,4.0,1058.3,22.8,30.4,952.7,52.4,13.347490,77.102173
203,UTTAR PRADESH,BAHRAICH,20.8,16.0,12.5,9.0,32.9,154.4,336.8,297.2,205.4,51.2,2.5,9.9,1148.6,36.8,54.4,993.8,63.6,13.347490,77.102173
204,UTTAR PRADESH,BALLIA,10.7,8.5,6.7,5.3,20.2,110.9,292.6,260.1,163.6,41.6,5.4,2.6,928.2,19.2,32.2,827.2,49.6,13.347490,77.102173
205,UTTAR PRADESH,BANDA,17.6,11.6,6.3,4.5,12.1,92.1,261.0,316.4,170.9,36.4,5.5,8.8,943.2,29.2,22.9,840.4,50.7,13.347490,77.102173
206,UTTAR PRADESH,BARABANKI,16.9,14.4,8.1,5.8,17.8,112.1,309.7,284.4,224.3,50.3,2.9,8.7,1055.4,31.3,31.7,930.5,61.9,13.347490,77.102173
207,UTTAR PRADESH,BASTI,15.4,10.4,10.9,5.5,20.7,129.4,324.5,289.3,200.4,46.5,2.2,7.5,1062.7,25.8,37.1,943.6,56.2,13.347490,77.102173
208,UTTAR PRADESH,DEORIA,13.7,17.8,9.2,8.7,24.0,133.3,316.6,299.9,201.1,53.1,4.0,5.6,1087.0,31.5,41.9,950.9,62.7,13.347490,77.102173
209,UTTAR PRADESH,FAIZABAD,18.7,12.4,7.2,4.5,18.8,123.0,346.6,309.6,210.5,51.0,2.9,8.8,1114.0,31.1,30.5,989.7,62.7,13.347490,77.102173
210,UTTAR PRADESH,FARRUKHABAD,15.1,11.1,8.0,5.0,12.8,73.5,246.0,282.3,141.6,52.1,2.4,3.4,853.3,26.2,25.8,743.4,57.9,13.347490,77.102173
211,UTTAR PRADESH,FATEHPUR,18.3,11.7,7.2,4.7,8.6,82.2,261.5,286.0,182.8,39.4,4.9,7.9,915.2,30.0,20.5,812.5,52.2,13.347490,77.102173
212,UTTAR PRADESH,GHAZIPUR,15.7,9.4,8.0,4.7,13.9,98.8,266.7,305.7,211.8,49.2,9.6,2.3,995.8,25.1,26.6,883.0,61.1,13.347490,77.102173
213,UTTAR PRADESH,GONDA,16.9,9.4,8.3,6.3,22.3,145.0,335.4,316.6,230.2,59.1,1.6,9.0,1160.1,26.3,36.9,1027.2,69.7,13.347490,77.102173
214,UTTAR PRADESH,GORAKHPUR,18.9,10.9,10.9,11.5,27.2,166.9,372.4,384.2,252.0,69.1,6.4,7.9,1338.3,29.8,49.6,1175.5,83.4,13.347490,77.102173
215,UTTAR PRADESH,HARDOI,18.2,13.1,9.5,5.8,16.9,87.3,264.5,268.5,167.6,57.6,2.7,6.5,918.2,31.3,32.2,787.9,66.8,13.347490,77.102173
216,UTTAR PRADESH,JAUNPUR,15.2,10.4,6.9,4.6,11.8,91.2,304.7,255.8,222.4,32.1,7.4,5.6,968.1,25.6,23.3,874.1,45.1,13.347490,77.102173
217,UTTAR PRADESH,KANPUR NAGAR,16.8,11.9,6.0,2.6,7.7,62.2,226.4,263.9,144.3,54.9,2.5,7.2,806.4,28.7,16.3,696.8,64.6,13.347490,77.102173
218,UTTAR PRADESH,KHERI LAKHIMP,21.4,16.2,11.8,6.5,29.1,131.4,297.2,303.3,194.2,63.8,2.0,8.4,1085.3,37.6,47.4,926.1,74.2,13.347490,77.102173
219,UTTAR PRADESH,LUCKNOW,18.1,12.3,7.3,4.1,12.2,85.9,254.6,262.2,169.8,47.9,4.1,6.8,885.3,30.4,23.6,772.5,58.8,13.347490,77.102173
220,UTTAR PRADESH,MIRZAPUR,18.0,12.6,10.0,3.8,10.3,91.0,288.3,290.4,231.4,32.9,9.6,4.9,1003.2,30.6,24.1,901.1,47.4,13.347490,77.102173
221,UTTAR PRADESH,PRATAPGARH,15.2,9.9,8.1,2.0,9.0,81.9,288.7,284.1,197.1,34.3,6.8,6.5,943.6,25.1,19.1,851.8,47.6,13.347490,77.102173
222,UTTAR PRADESH,RAE BARELI,14.0,9.3,5.8,3.0,7.6,68.7,257.7,255.9,168.0,53.5,1.5,8.0,853.0,23.3,16.4,750.3,63.0,13.347490,77.102173
223,UTTAR PRADESH,SITAPUR,18.5,12.1,11.8,5.4,18.4,113.6,272.6,278.0,200.6,60.1,3.7,8.5,1003.3,30.6,35.6,864.8,72.3,13.347490,77.102173
224,UTTAR PRADESH,SULTANPUR,13.2,8.7,6.3,4.7,16.9,82.5,303.2,273.2,181.8,45.4,2.4,6.2,944.5,21.9,27.9,840.7,54.0,13.347490,77.102173
225,UTTAR PRADESH,UNNAO,14.9,15.1,7.4,3.4,10.5,82.9,249.3,286.4,171.7,56.1,2.2,7.3,907.2,30.0,21.3,790.3,65.6,13.347490,77.102173
226,UTTAR PRADESH,VARANASI,18.4,14.5,9.5,4.7,11.8,93.9,311.6,281.4,236.6,37.5,12.2,5.5,1037.6,32.9,26.0,923.5,55.2,13.347490,77.102173
227,UTTAR PRADESH,SONBHADRA,18.1,13.9,10.3,6.3,11.9,126.7,286.4,292.8,211.0,34.8,5.9,7.0,1025.1,32.0,28.5,916.9,47.7,13.347490,77.102173
228,UTTAR PRADESH,MAHARAJGANJ,17.6,9.8,12.9,15.7,36.2,187.5,421.3,371.9,233.4,72.3,4.9,5.6,1389.1,27.4,64.8,1214.1,82.8,13.347490,77.102173
229,UTTAR PRADESH,MAU,15.8,9.0,9.0,5.7,19.2,117.7,336.9,323.5,226.6,46.6,7.1,4.2,1121.3,24.8,33.9,1004.7,57.9,13.347490,77.102173
230,UTTAR PRADESH,SIDDHARTH NGR,15.5,10.4,9.3,6.0,21.8,139.7,357.8,314.7,197.7,63.4,1.6,7.8,1145.7,25.9,37.1,1009.9,72.8,13.347490,77.102173
231,UTTAR PRADESH,KUSHINAGAR,15.3,10.1,10.9,12.7,36.1,182.6,369.4,365.6,240.8,71.4,4.2,7.5,1326.6,25.4,59.7,1158.4,83.1,13.347490,77.102173
232,UTTAR PRADESH,AMBEDKAR NAGAR,14.8,11.0,8.5,6.2,17.9,102.2,317.8,282.4,202.4,40.2,3.6,6.3,1013.3,25.8,32.6,904.8,50.1,13.347490,77.102173
233,UTTAR PRADESH,KANNAUJ,15.5,11.5,9.0,3.7,16.2,58.9,244.5,311.4,161.9,61.4,2.9,5.4,902.3,27.0,28.9,776.7,69.7,13.347490,77.102173
234,UTTAR PRADESH,BALRAMPUR,18.8,16.9,8.2,9.3,38.6,141.4,385.4,329.9,215.0,72.6,1.2,10.6,1247.9,35.7,56.1,1071.7,84.4,13.347490,77.102173
235,UTTAR PRADESH,KAUSHAMBI,15.5,11.7,8.1,3.4,7.4,72.6,258.8,268.0,166.2,36.1,6.6,7.3,861.7,27.2,18.9,765.6,50.0,13.347490,77.102173
236,UTTAR PRADESH,SAHUJI MAHARA,17.3,12.0,8.6,3.5,8.1,88.0,275.3,315.5,207.1,36.7,7.8,6.4,986.3,29.3,20.2,885.9,50.9,13.347490,77.102173
237,UTTAR PRADESH,KANPUR DEHAT,13.5,11.4,5.5,2.7,6.3,70.7,237.0,289.6,167.7,44.4,2.9,5.5,857.2,24.9,14.5,765.0,52.8,13.347490,77.102173
238,UTTAR PRADESH,CHANDAULI,18.5,12.1,11.6,5.3,10.3,79.0,302.3,283.8,181.0,31.8,10.2,3.7,949.6,30.6,27.2,846.1,45.7,13.347490,77.102173
239,UTTAR PRADESH,SANT KABIR NGR,11.8,13.1,10.5,5.1,20.8,139.8,356.7,300.5,193.7,50.9,1.2,6.5,1110.6,24.9,36.4,990.7,58.6,13.347490,77.102173
240,UTTAR PRADESH,SANT RAVIDAS,18.5,12.1,11.6,5.3,10.3,79.0,302.3,283.8,181.0,31.8,10.2,3.7,949.6,30.6,27.2,846.1,45.7,13.347490,77.102173
241,UTTAR PRADESH,SHRAVASTI NGR,20.8,16.0,12.5,9.0,32.9,154.4,336.8,297.2,205.4,51.2,2.5,9.9,1148.6,36.8,54.4,993.8,63.6,13.347490,77.102173
242,UTTAR PRADESH,AGRA,17.5,9.9,8.9,4.0,9.3,53.8,227.1,280.9,125.4,28.1,5.0,4.7,774.6,27.4,22.2,687.2,37.8,13.347490,77.102173
243,UTTAR PRADESH,ALIGARH,19.5,12.6,9.4,5.6,18.4,47.4,213.1,261.9,133.3,39.0,4.2,6.6,771.0,32.1,33.4,655.7,49.8,13.347490,77.102173
244,UTTAR PRADESH,BAREILLY,20.3,18.9,12.6,5.6,18.7,96.6,294.7,296.7,165.8,57.9,2.4,6.4,996.6,39.2,36.9,853.8,66.7,13.347490,77.102173
245,UTTAR PRADESH,BIJNOR,34.2,25.0,24.1,8.2,19.1,92.0,342.4,321.0,158.8,40.0,6.4,11.9,1083.1,59.2,51.4,914.2,58.3,13.347490,77.102173
246,UTTAR PRADESH,BADAUN,13.4,16.1,11.7,3.7,14.5,69.4,252.4,292.7,143.5,58.8,2.7,5.9,884.8,29.5,29.9,758.0,67.4,13.347490,77.102173
247,UTTAR PRADESH,BULANDSHAHAR,16.2,13.2,13.1,3.9,14.0,53.4,224.5,254.4,138.4,36.2,4.2,7.5,779.0,29.4,31.0,670.7,47.9,13.347490,77.102173
248,UTTAR PRADESH,ETAH,13.0,12.0,9.9,4.4,11.6,52.1,201.5,243.1,118.6,41.6,2.3,4.3,714.4,25.0,25.9,615.3,48.2,13.347490,77.102173
249,UTTAR PRADESH,ETAWAH,13.9,11.7,8.9,2.8,10.5,60.9,222.0,293.4,151.7,45.0,2.9,5.9,829.6,25.6,22.2,728.0,53.8,13.347490,77.102173
250,UTTAR PRADESH,HAMIRPUR,16.1,11.5,5.3,2.1,6.7,76.3,246.6,309.8,164.2,33.3,3.9,6.0,881.8,27.6,14.1,796.9,43.2,13.347490,77.102173
251,UTTAR PRADESH,JALAUN,13.5,11.2,5.7,2.0,8.1,65.7,239.5,310.8,158.9,47.2,3.6,5.3,871.5,24.7,15.8,774.9,56.1,13.347490,77.102173
252,UTTAR PRADESH,JHANSI,14.1,10.5,5.3,4.7,8.7,79.0,271.8,309.9,177.2,37.2,6.6,6.5,931.5,24.6,18.7,837.9,50.3,13.347490,77.102173
253,UTTAR PRADESH,LALITPUR,21.0,9.4,6.5,3.4,6.8,86.2,321.7,358.1,173.3,34.1,6.7,7.4,1034.6,30.4,16.7,939.3,48.2,13.347490,77.102173
254,UTTAR PRADESH,MAINPURI,11.8,9.5,8.1,3.8,9.9,61.3,211.5,245.9,136.6,40.1,3.7,6.2,748.4,21.3,21.8,655.3,50.0,13.347490,77.102173
255,UTTAR PRADESH,MATHURA,9.3,11.2,9.5,4.5,9.5,41.3,194.7,241.6,102.3,23.6,3.8,4.6,655.9,20.5,23.5,579.9,32.0,13.347490,77.102173
256,UTTAR PRADESH,MEERUT,23.2,18.3,16.0,9.4,14.4,62.0,267.0,300.7,148.8,41.6,5.4,11.2,918.0,41.5,39.8,778.5,58.2,13.347490,77.102173
257,UTTAR PRADESH,MORADABAD,22.5,21.8,13.0,4.7,15.8,91.0,292.7,314.8,156.7,47.7,3.3,8.9,992.9,44.3,33.5,855.2,59.9,13.347490,77.102173
258,UTTAR PRADESH,MUZAFFARNAGAR,25.0,19.6,14.4,5.9,14.3,64.7,265.2,269.7,137.2,34.5,6.2,12.4,869.1,44.6,34.6,736.8,53.1,13.347490,77.102173
259,UTTAR PRADESH,PILIBHIT,20.9,16.9,14.3,5.8,23.0,112.7,326.5,343.5,205.9,73.6,4.4,7.9,1155.4,37.8,43.1,988.6,85.9,13.347490,77.102173
260,UTTAR PRADESH,RAMPUR,21.7,22.5,19.2,7.4,22.2,107.0,331.5,321.2,155.8,34.0,4.0,11.1,1057.6,44.2,48.8,915.5,49.1,13.347490,77.102173
261,UTTAR PRADESH,SAHARANPUR,26.9,26.5,21.3,5.7,21.2,94.6,277.0,301.6,131.4,34.5,8.3,14.9,963.9,53.4,48.2,804.6,57.7,13.347490,77.102173
262,UTTAR PRADESH,SHAHJAHANPUR,16.9,17.5,13.0,4.8,20.2,96.2,290.4,307.3,165.3,68.5,3.5,7.2,1010.8,34.4,38.0,859.2,79.2,13.347490,77.102173
263,UTTAR PRADESH,GHAZIABAD,19.6,18.3,18.0,6.1,12.5,44.6,213.5,255.6,128.0,37.0,5.0,8.1,766.3,37.9,36.6,641.7,50.1,13.347490,77.102173
264,UTTAR PRADESH,FIROZABAD,13.3,10.9,7.5,3.8,10.3,59.5,216.9,258.1,141.8,35.5,2.9,5.0,765.5,24.2,21.6,676.3,43.4,13.347490,77.102173
265,UTTAR PRADESH,MAHOBA,17.4,10.6,4.8,1.2,7.4,66.2,243.1,314.3,152.8,24.9,4.7,5.7,853.1,28.0,13.4,776.4,35.3,13.347490,77.102173
266,UTTAR PRADESH,MAHAMAYA NAGA,11.5,10.4,10.4,4.0,10.7,47.8,213.8,244.6,119.2,31.5,2.1,4.8,710.8,21.9,25.1,625.4,38.4,13.347490,77.102173
267,UTTAR PRADESH,AURAIYA,13.5,16.5,7.7,3.2,10.8,59.8,226.9,268.3,145.0,50.7,3.7,5.8,811.9,30.0,21.7,700.0,60.2,13.347490,77.102173
268,UTTAR PRADESH,BAGPAT,17.3,16.3,12.7,7.4,13.6,42.8,194.0,220.3,88.2,21.6,4.9,7.0,646.1,33.6,33.7,545.3,33.5,13.347490,77.102173
269,UTTAR PRADESH,JYOTIBA PHULE,22.8,15.7,15.9,4.4,13.9,59.7,279.3,298.5,145.5,48.6,5.3,7.8,917.4,38.5,34.2,783.0,61.7,13.347490,77.102173
270,UTTAR PRADESH,GAUTAM BUDDHA,19.2,9.3,12.4,5.0,6.0,36.9,181.7,228.6,125.6,35.8,3.4,5.4,669.3,28.5,23.4,572.8,44.6,13.347490,77.102173
271,UTTAR PRADESH,KANSHIRAM NAG,16.5,9.5,11.4,4.4,13.2,52.0,224.7,274.6,150.2,53.4,2.9,5.6,818.4,26.0,29.0,701.5,61.9,13.347490,77.102173
272,UTTARANCHAL,ALMORA,46.2,46.8,47.4,25.5,46.7,132.3,299.9,276.9,149.3,57.2,8.1,21.0,1157.3,93.0,119.6,858.4,86.3,13.347490,77.102173
273,UTTARANCHAL,CHAMOLI,57.5,77.7,81.9,42.9,69.4,108.7,289.6,329.2,131.8,43.5,10.2,24.6,1267.0,135.2,194.2,859.3,78.3,13.347490,77.102173
274,UTTARANCHAL,DEHRADUN,51.7,49.3,49.8,24.2,50.8,185.2,683.3,673.9,259.7,62.6,12.9,20.5,2123.9,101.0,124.8,1802.1,96.0,13.347490,77.102173
275,UTTARANCHAL,GARHWAL PAURI,43.1,33.2,35.5,19.4,38.3,123.5,452.5,443.7,193.8,55.7,7.4,17.9,1464.0,76.3,93.2,1213.5,81.0,13.347490,77.102173
276,UTTARANCHAL,NAINITAL,46.0,41.0,37.7,20.9,54.4,205.0,514.0,458.3,261.8,82.2,6.5,15.9,1743.7,87.0,113.0,1439.1,104.6,13.347490,77.102173
277,UTTARANCHAL,PITHORAGARH,50.3,57.4,65.6,46.2,93.5,299.6,555.8,538.9,293.6,65.3,12.5,19.3,2098.0,107.7,205.3,1687.9,97.1,13.347490,77.102173
278,UTTARANCHAL,GARHWAL TEHRI,54.6,52.2,56.3,31.7,55.9,136.2,371.5,366.7,172.7,48.4,10.3,28.5,1385.0,106.8,143.9,1047.1,87.2,13.347490,77.102173
279,UTTARANCHAL,UTTARKASHI,70.9,72.8,84.9,48.5,102.1,147.6,380.6,405.2,215.2,59.6,13.3,25.0,1625.7,143.7,235.5,1148.6,97.9,13.347490,77.102173
280,UTTARANCHAL,HARIDWAR,33.0,35.9,30.4,12.2,21.8,105.7,332.4,367.0,156.8,29.7,4.4,14.6,1143.9,68.9,64.4,961.9,48.7,13.347490,77.102173
281,UTTARANCHAL,CHAMPAWAT,43.5,39.3,33.7,26.9,52.5,213.1,465.9,406.3,234.4,77.4,8.2,22.7,1623.9,82.8,113.1,1319.7,108.3,13.347490,77.102173
282,UTTARANCHAL,RUDRAPRAYAG,75.6,73.3,85.4,54.7,94.1,217.7,578.0,639.4,236.0,52.6,13.7,30.4,2150.9,148.9,234.2,1671.1,96.7,13.347490,77.102173
283,UTTARANCHAL,UDHAM SINGH N,30.0,19.0,15.7,9.0,32.9,147.4,402.9,365.8,203.8,73.5,4.5,9.4,1313.9,49.0,57.6,1119.9,87.4,13.347490,77.102173
284,UTTARANCHAL,BAGESHWAR,46.2,46.8,47.4,25.5,46.7,132.3,299.9,276.9,149.3,57.2,8.1,21.0,1157.3,93.0,119.6,858.4,86.3,13.347490,77.102173
285,HARYANA,AMBALA,38.9,31.6,25.3,7.7,20.5,105.2,307.8,326.0,177.6,34.4,8.8,20.9,1104.7,70.5,53.5,916.6,64.1,13.347490,77.102173
286,HARYANA,GURGAON,10.2,11.7,7.0,6.4,13.9,38.0,169.0,185.2,80.1,12.7,5.5,4.3,544.0,21.9,27.3,472.3,22.5,13.347490,77.102173
287,HARYANA,HISAR,11.0,12.2,9.7,7.4,14.5,35.1,118.8,113.8,57.4,13.0,4.5,4.0,401.4,23.2,31.6,325.1,21.5,13.347490,77.102173
288,HARYANA,JIND,16.4,18.7,12.4,5.4,14.9,40.7,142.3,147.0,85.6,15.8,5.1,4.8,509.1,35.1,32.7,415.6,25.7,13.347490,77.102173
289,HARYANA,KARNAL,30.3,21.4,19.4,8.9,13.1,60.3,197.8,224.3,94.6,26.2,5.9,12.2,714.4,51.7,41.4,577.0,44.3,13.347490,77.102173
290,HARYANA,MAHENDRAGARH,11.8,10.9,9.4,5.3,18.9,43.5,154.3,144.4,53.2,14.1,3.5,6.9,476.2,22.7,33.6,395.4,24.5,13.347490,77.102173
291,HARYANA,ROHTAK,19.3,16.8,17.7,9.3,19.8,49.5,194.1,195.8,68.6,13.4,5.8,7.9,618.0,36.1,46.8,508.0,27.1,13.347490,77.102173
292,HARYANA,BHIWANI,14.6,10.4,8.1,5.5,11.2,32.3,128.2,132.0,56.0,13.4,4.2,3.6,419.5,25.0,24.8,348.5,21.2,13.347490,77.102173
293,HARYANA,FARIDABAD,16.5,12.3,10.4,10.7,16.1,42.2,201.6,234.7,121.7,18.7,6.0,6.7,697.6,28.8,37.2,600.2,31.4,13.347490,77.102173
294,HARYANA,KURUKSHETRA,28.7,19.4,21.5,9.8,10.2,66.3,202.3,203.3,91.1,23.5,5.2,10.1,691.4,48.1,41.5,563.0,38.8,13.347490,77.102173
295,HARYANA,SIRSA,11.0,11.6,10.1,5.5,12.1,23.0,99.8,81.7,37.6,13.4,4.9,2.8,313.5,22.6,27.7,242.1,21.1,13.347490,77.102173
296,HARYANA,SONEPAT(RTK),19.4,15.6,14.4,9.6,16.7,46.2,194.4,208.5,85.2,20.4,5.9,7.9,644.2,35.0,40.7,534.3,34.2,13.347490,77.102173
297,HARYANA,YAMUNANAGAR,42.5,34.9,31.9,15.1,26.4,117.8,304.4,325.4,144.5,36.0,6.8,21.3,1107.0,77.4,73.4,892.1,64.1,13.347490,77.102173
298,HARYANA,KAITHAL,17.7,15.2,12.5,5.6,8.5,42.2,128.3,140.1,73.4,14.2,3.9,4.9,466.5,32.9,26.6,384.0,23.0,13.347490,77.102173
299,HARYANA,PANIPAT,20.6,15.8,12.6,9.5,9.9,55.1,176.2,203.9,86.5,21.8,4.7,7.5,624.1,36.4,32.0,521.7,34.0,13.347490,77.102173
300,HARYANA,REWARI,9.1,8.7,5.2,3.0,9.9,33.1,150.1,183.5,69.1,13.2,3.5,3.8,492.2,17.8,18.1,435.8,20.5,13.347490,77.102173
301,HARYANA,FATEHABAD,16.7,11.0,11.2,6.8,14.9,31.3,104.3,95.9,51.5,12.4,3.6,5.0,364.6,27.7,32.9,283.0,21.0,13.347490,77.102173
302,HARYANA,JHAJJAR,12.4,12.5,9.7,7.5,10.6,34.4,159.3,151.2,72.4,11.0,3.4,4.6,489.0,24.9,27.8,417.3,19.0,13.347490,77.102173
303,HARYANA,PANCHKULA,43.6,37.4,27.8,11.5,27.9,105.6,327.0,346.6,171.2,18.7,12.2,18.7,1148.2,81.0,67.2,950.4,49.6,13.347490,77.102173
304,HARYANA,MEWAT,9.4,9.6,6.3,5.2,9.8,41.3,167.2,194.0,99.3,20.7,4.1,5.1,572.0,19.0,21.3,501.8,29.9,13.347490,77.102173
305,HARYANA,PALWAL(FRD),9.1,7.9,5.9,4.3,7.7,28.1,160.4,171.8,86.6,20.0,3.1,3.2,508.1,17.0,17.9,446.9,26.3,13.347490,77.102173
306,CHANDIGARH,CHANDIGARH,44.3,38.9,33.2,14.8,30.1,120.0,282.4,287.5,154.3,31.8,9.9,23.4,1070.6,83.2,78.1,844.2,65.1,13.347490,77.102173
307,DELHI,NEW DELHI,16.4,16.3,15.3,8.9,19.3,59.8,220.7,245.5,110.2,20.5,5.6,8.6,747.1,32.7,43.5,636.2,34.7,13.347490,77.102173
308,DELHI,CENTRAL DELHI,16.4,16.3,15.3,8.9,19.3,59.8,220.7,245.5,110.2,20.5,5.6,8.6,747.1,32.7,43.5,636.2,34.7,13.347490,77.102173
309,DELHI,EAST DELHI,16.4,16.3,15.3,8.9,19.3,59.8,220.7,245.5,110.2,20.5,5.6,8.6,747.1,32.7,43.5,636.2,34.7,13.347490,77.102173
310,DELHI,NORTH DELHI,16.4,16.3,15.3,8.9,19.3,59.8,220.7,245.5,110.2,20.5,5.6,8.6,747.1,32.7,43.5,636.2,34.7,13.347490,77.102173
311,DELHI,NE DELHI,16.4,16.3,15.3,8.9,19.3,59.8,220.7,245.5,110.2,20.5,5.6,8.6,747.1,32.7,43.5,636.2,34.7,13.347490,77.102173
312,DELHI,SW DELHI,16.4,16.3,15.3,8.9,19.3,59.8,220.7,245.5,110.2,20.5,5.6,8.6,747.1,32.7,43.5,636.2,34.7,13.347490,77.102173
313,DELHI,NW DELHI,16.4,16.3,15.3,8.9,19.3,59.8,220.7,245.5,110.2,20.5,5.6,8.6,747.1,32.7,43.5,636.2,34.7,13.347490,77.102173
314,DELHI,SOUTH DELHI,16.4,16.3,15.3,8.9,19.3,59.8,220.7,245.5,110.2,20.5,5.6,8.6,747.1,32.7,43.5,636.2,34.7,13.347490,77.102173
315,DELHI,WEST DELHI,16.4,16.3,15.3,8.9,19.3,59.8,220.7,245.5,110.2,20.5,5.6,8.6,747.1,32.7,43.5,636.2,34.7,13.347490,77.102173
316,PUNJAB,AMRITSAR,30.4,29.0,35.4,20.9,17.1,43.1,211.4,194.1,89.0,28.7,7.6,15.0,721.7,59.4,73.4,537.6,51.3,13.347490,77.102173
317,PUNJAB,BATHINDA,11.5,17.4,13.0,8.0,9.7,33.5,109.6,115.4,62.5,19.2,2.7,5.4,407.9,28.9,30.7,321.0,27.3,13.347490,77.102173
318,PUNJAB,FEROZEPUR,15.7,14.5,21.3,9.3,15.4,31.3,128.4,124.7,67.9,12.3,5.1,9.7,455.6,30.2,46.0,352.3,27.1,13.347490,77.102173
319,PUNJAB,GURDASPUR,60.0,49.9,53.8,25.7,21.3,57.1,324.6,319.9,126.2,37.2,11.0,25.8,1112.5,109.9,100.8,827.8,74.0,13.347490,77.102173
320,PUNJAB,HOSHIARPUR,38.4,39.8,39.8,16.0,20.4,74.9,275.7,241.5,125.8,31.5,9.3,20.0,933.1,78.2,76.2,717.9,60.8,13.347490,77.102173
321,PUNJAB,JALANDHAR,28.6,28.6,30.7,13.7,20.2,48.5,203.9,188.1,111.0,21.9,7.3,16.6,719.1,57.2,64.6,551.5,45.8,13.347490,77.102173
322,PUNJAB,KAPURTHALA,27.6,21.0,25.8,9.5,14.1,37.1,166.3,136.5,82.7,31.4,5.4,10.6,568.0,48.6,49.4,422.6,47.4,13.347490,77.102173
323,PUNJAB,LUDHIANA,24.3,26.1,26.5,12.1,16.6,51.2,203.0,178.3,101.7,25.7,5.4,14.7,685.6,50.4,55.2,534.2,45.8,13.347490,77.102173
324,PUNJAB,PATIALA,26.7,24.7,20.9,9.3,15.3,54.9,235.9,208.5,115.9,21.1,4.3,14.5,752.0,51.4,45.5,615.2,39.9,13.347490,77.102173
325,PUNJAB,RUPNAGAR,41.6,38.9,51.2,14.7,25.6,65.4,291.0,252.9,119.2,19.7,13.2,23.1,956.5,80.5,91.5,728.5,56.0,13.347490,77.102173
326,PUNJAB,SANGRUR,18.3,19.3,15.9,10.4,18.7,44.8,160.5,145.8,85.7,20.4,4.7,12.9,557.4,37.6,45.0,436.8,38.0,13.347490,77.102173
327,PUNJAB,FARIDKOT,16.1,14.3,17.0,8.1,13.9,36.0,120.0,103.8,65.3,9.8,3.8,7.5,415.6,30.4,39.0,325.1,21.1,13.347490,77.102173
328,PUNJAB,MOGA,21.3,13.4,15.0,9.7,15.7,33.7,123.0,133.5,63.8,20.9,3.1,7.5,460.6,34.7,40.4,354.0,31.5,13.347490,77.102173
329,PUNJAB,NAWANSHAHR,38.8,39.9,38.6,15.9,19.2,85.3,309.6,254.9,138.8,29.6,10.1,24.9,1005.6,78.7,73.7,788.6,64.6,13.347490,77.102173
330,PUNJAB,FATEHGARH SAH,24.9,21.8,22.6,10.0,13.7,45.6,220.6,174.6,106.3,18.9,7.1,17.0,683.1,46.7,46.3,547.1,43.0,13.347490,77.102173
331,PUNJAB,MUKTSAR,16.7,12.7,18.2,7.0,10.9,31.2,113.0,107.5,60.1,11.2,3.5,7.5,399.5,29.4,36.1,311.8,22.2,13.347490,77.102173
332,PUNJAB,MANSA,12.3,18.4,11.3,7.2,8.9,30.3,110.9,122.8,70.8,18.2,2.4,6.3,419.8,30.7,27.4,334.8,26.9,13.347490,77.102173
333,PUNJAB,BARNALA,14.7,16.9,10.0,11.5,9.6,30.3,129.4,117.5,78.4,18.3,3.9,8.9,449.4,31.6,31.1,355.6,31.1,13.347490,77.102173
334,PUNJAB,SAS NAGAR(MGA),33.4,24.7,29.5,13.8,24.6,68.8,241.8,216.6,117.3,20.2,7.3,20.7,818.7,58.1,67.9,644.5,48.2,13.347490,77.102173
335,PUNJAB,TARN TARAN,18.0,18.3,21.5,10.4,12.4,23.5,133.6,111.4,68.3,17.8,4.5,9.5,449.2,36.3,44.3,336.8,31.8,13.347490,77.102173
336,HIMACHAL,BILASPUR,62.5,66.8,54.0,26.1,41.1,107.4,311.8,304.2,153.6,27.0,14.0,28.7,1197.2,129.3,121.2,877.0,69.7,13.347490,77.102173
337,HIMACHAL,CHAMBA,126.2,112.8,120.3,51.2,53.4,132.4,567.3,479.2,227.5,48.7,21.9,56.2,1997.1,239.0,224.9,1406.4,126.8,13.347490,77.102173
338,HIMACHAL,KANGRA,83.0,80.2,84.9,39.9,45.1,145.6,583.2,619.4,233.9,48.1,15.8,40.7,2019.8,163.2,169.9,1582.1,104.6,13.347490,77.102173
339,HIMACHAL,KINNAUR,102.1,107.8,113.9,77.4,69.4,37.1,75.0,81.3,70.8,35.4,17.5,48.7,836.4,209.9,260.7,264.2,101.6,13.347490,77.102173
340,HIMACHAL,KULLU,86.9,97.0,135.2,79.5,72.1,82.4,184.8,165.9,86.6,32.0,23.4,42.3,1088.1,183.9,286.8,519.7,97.7,13.347490,77.102173
341,HIMACHAL,LAHUL & SPITI,132.8,137.1,176.6,108.9,91.7,52.4,164.5,139.9,101.4,52.2,29.6,61.7,1248.8,269.9,377.2,458.2,143.5,13.347490,77.102173
342,HIMACHAL,MANDI,71.1,67.5,81.7,48.3,64.3,160.1,411.2,370.1,152.0,34.4,15.3,30.9,1506.9,138.6,194.3,1093.4,80.6,13.347490,77.102173
343,HIMACHAL,HAMIRPUR,73.0,61.4,59.1,27.1,42.7,143.3,384.8,391.2,159.6,41.1,13.9,31.0,1428.2,134.4,128.9,1078.9,86.0,13.347490,77.102173
344,HIMACHAL,SHIMLA,69.1,70.3,80.0,48.3,65.0,104.7,226.9,189.0,113.3,32.6,13.9,28.3,1041.4,139.4,193.3,633.9,74.8,13.347490,77.102173
345,HIMACHAL,SIRMAUR,58.4,53.3,42.4,20.4,31.9,140.9,508.0,485.6,190.1,44.0,9.2,34.1,1618.3,111.7,94.7,1324.6,87.3,13.347490,77.102173
346,HIMACHAL,SOLAN,71.7,66.1,62.6,27.9,48.8,130.3,368.4,331.8,169.6,44.1,12.9,32.0,1366.2,137.8,139.3,1000.1,89.0,13.347490,77.102173
347,HIMACHAL,UNA,46.3,45.1,40.9,17.2,26.8,67.6,340.0,310.3,144.8,32.1,15.5,24.1,1110.7,91.4,84.9,862.7,71.7,13.347490,77.102173
348,JAMMU AND KASHMIR,ANANTNAG,83.2,100.7,152.7,113.4,101.1,65.2,87.4,82.1,50.4,39.5,38.5,55.4,969.6,183.9,367.2,285.1,133.4,13.347490,77.102173
349,JAMMU AND KASHMIR,BARAMULLA,116.1,157.0,189.6,145.9,111.4,60.5,71.2,70.0,46.0,47.6,35.9,80.8,1132.0,273.1,446.9,247.7,164.3,13.347490,77.102173
350,JAMMU AND KASHMIR,DODA,119.4,161.8,213.5,127.5,100.4,72.6,146.4,125.8,96.6,40.9,46.5,84.1,1335.5,281.2,441.4,441.4,171.5,13.347490,77.102173
351,JAMMU AND KASHMIR,JAMMU,56.3,66.6,68.9,37.2,39.9,63.9,366.6,323.6,106.4,31.5,15.7,34.7,1211.3,122.9,146.0,860.5,81.9,13.347490,77.102173
352,JAMMU AND KASHMIR,KATHUA,85.7,59.0,45.4,20.0,12.5,62.5,387.8,404.2,127.5,29.0,8.6,26.0,1268.2,144.7,77.9,982.0,63.6,13.347490,77.102173
353,JAMMU AND KASHMIR,LADAKH (LEH),8.1,7.3,8.8,8.0,8.0,3.8,13.1,14.1,8.6,7.2,3.6,4.0,94.6,15.4,24.8,39.6,14.8,13.347490,77.102173
354,JAMMU AND KASHMIR,UDHAMPUR,108.5,120.3,134.8,64.3,41.1,91.5,514.7,551.1,219.9,42.6,24.8,60.3,1973.9,228.8,240.2,1377.2,127.7,13.347490,77.102173
355,JAMMU AND KASHMIR,BADGAM,56.6,65.9,106.8,88.1,79.3,35.3,55.5,55.1,40.5,32.8,27.7,28.1,671.7,122.5,274.2,186.4,88.6,13.347490,77.102173
356,JAMMU AND KASHMIR,KUPWARA,87.1,126.3,240.6,154.8,99.6,59.0,88.0,74.7,31.5,51.1,52.0,68.0,1132.7,213.4,495.0,253.2,171.1,13.347490,77.102173
357,JAMMU AND KASHMIR,PULWAMA,42.5,48.2,77.2,72.4,57.9,25.5,42.5,47.4,36.0,21.0,12.9,21.1,504.6,90.7,207.5,151.4,55.0,13.347490,77.102173
358,JAMMU AND KASHMIR,SRINAGAR,56.7,68.8,104.0,86.8,68.0,37.4,55.6,60.9,30.4,31.7,29.0,44.3,673.6,125.5,258.8,184.3,105.0,13.347490,77.102173
359,JAMMU AND KASHMIR,KARGIL,25.6,25.6,25.1,19.7,22.0,5.5,11.6,24.0,8.6,14.5,20.6,20.5,223.3,51.2,66.8,49.7,55.6,13.347490,77.102173
360,JAMMU AND KASHMIR,POONCH,138.9,124.2,158.5,99.0,69.6,116.6,344.2,191.5,108.2,27.4,40.4,55.6,1474.1,263.1,327.1,760.5,123.4,13.347490,77.102173
361,JAMMU AND KASHMIR,RAJOURI,59.3,66.7,60.6,23.6,27.5,46.4,249.0,253.8,100.3,38.8,11.3,19.9,957.2,126.0,111.7,649.5,70.0,13.347490,77.102173
362,JAMMU AND KASHMIR,BANDIPORE,68.7,93.3,119.6,89.4,63.5,30.8,46.1,57.8,33.9,38.0,26.6,32.7,700.4,162.0,272.5,168.6,97.3,13.347490,77.102173
363,JAMMU AND KASHMIR,GANDERWAL,56.7,68.8,104.0,86.8,68.0,37.4,55.6,60.9,30.4,31.7,29.0,44.3,673.6,125.5,258.8,184.3,105.0,13.347490,77.102173
364,JAMMU AND KASHMIR,KULGAM/(ANT),75.9,70.6,131.9,130.6,107.1,41.6,79.9,78.8,68.6,38.1,27.8,28.0,878.9,146.5,369.6,268.9,93.9,13.347490,77.102173
365,JAMMU AND KASHMIR,SHOPAN,48.5,72.9,119.1,121.3,90.8,42.7,85.1,91.9,46.0,31.9,28.6,39.9,818.7,121.4,331.2,265.7,100.4,13.347490,77.102173
366,JAMMU AND KASHMIR,SAMBA,56.3,66.6,68.9,37.2,39.9,63.9,366.6,323.6,106.4,31.5,15.7,34.7,1211.3,122.9,146.0,860.5,81.9,13.347490,77.102173
367,JAMMU AND KASHMIR,KISTWAR,119.4,161.8,213.5,127.5,100.4,72.6,146.4,125.8,96.6,40.9,46.5,84.1,1335.5,281.2,441.4,441.4,171.5,13.347490,77.102173
368,JAMMU AND KASHMIR,REASI,101.5,93.0,84.6,43.5,40.0,83.2,440.5,556.9,242.0,42.2,12.2,56.9,1796.5,194.5,168.1,1322.6,111.3,13.347490,77.102173
369,JAMMU AND KASHMIR,RAMBAN(DDA),144.5,190.8,211.6,112.9,85.0,61.4,132.2,120.2,86.8,42.1,43.6,97.3,1328.4,335.3,409.5,400.6,183.0,13.347490,77.102173
370,RAJASTHAN,BARMER,1.2,1.7,2.3,3.2,9.1,27.4,88.6,86.7,40.7,4.1,3.2,0.4,268.6,2.9,14.6,243.4,7.7,13.347490,77.102173
371,RAJASTHAN,BIKANER,4.1,7.8,5.7,4.1,14.3,29.2,85.7,74.6,39.2,4.4,2.5,2.4,274.0,11.9,24.1,228.7,9.3,13.347490,77.102173
372,RAJASTHAN,CHURU,6.2,7.4,6.3,4.9,16.4,37.7,126.6,101.7,47.7,9.9,2.4,2.4,369.6,13.6,27.6,313.7,14.7,13.347490,77.102173
373,RAJASTHAN,SRI GANGANAGA,6.0,8.0,9.3,7.0,11.6,25.5,79.3,64.9,31.7,3.1,2.1,4.4,252.9,14.0,27.9,201.4,9.6,13.347490,77.102173
374,RAJASTHAN,JAISALMER,1.7,2.9,2.2,3.8,6.6,19.4,59.3,56.9,22.8,3.1,1.5,1.0,181.2,4.6,12.6,158.4,5.6,13.347490,77.102173
375,RAJASTHAN,JALORE,1.8,1.1,2.6,1.4,8.2,34.5,161.1,132.2,66.4,9.2,7.6,1.0,427.1,2.9,12.2,394.2,17.8,13.347490,77.102173
376,RAJASTHAN,JODHPUR,2.9,3.1,2.7,5.2,11.1,27.9,109.5,94.6,42.5,4.9,2.7,1.0,308.1,6.0,19.0,274.5,8.6,13.347490,77.102173
377,RAJASTHAN,NAGAUR,4.1,5.5,2.7,4.7,15.3,42.5,142.6,116.0,47.4,7.9,2.6,2.8,394.1,9.6,22.7,348.5,13.3,13.347490,77.102173
378,RAJASTHAN,PALI,3.7,2.5,2.9,2.7,9.5,41.9,177.3,152.9,74.6,11.9,4.6,1.2,485.7,6.2,15.1,446.7,17.7,13.347490,77.102173
379,RAJASTHAN,HANUMANGARH,7.5,8.6,5.7,4.9,13.0,32.2,103.4,83.4,33.5,3.4,3.6,2.4,301.6,16.1,23.6,252.5,9.4,13.347490,77.102173
380,RAJASTHAN,AJMER,3.7,2.0,2.1,2.2,8.9,43.6,171.0,155.0,60.0,9.7,2.5,1.5,462.2,5.7,13.2,429.6,13.7,13.347490,77.102173
381,RAJASTHAN,ALWAR,9.6,10.2,5.6,5.5,15.8,44.2,196.9,213.3,100.9,20.0,4.1,4.8,630.9,19.8,26.9,555.3,28.9,13.347490,77.102173
382,RAJASTHAN,BANSWARA,2.8,0.5,1.6,0.9,5.2,97.7,284.3,302.5,147.3,24.4,12.6,3.2,883.0,3.3,7.7,831.8,40.2,13.347490,77.102173
383,RAJASTHAN,BHARATPUR,9.3,8.9,5.3,3.8,11.2,40.4,184.7,229.8,102.7,17.7,3.4,3.9,621.1,18.2,20.3,557.6,25.0,13.347490,77.102173
384,RAJASTHAN,BHILWARA,4.8,3.8,3.9,3.0,10.4,60.0,213.6,217.7,89.6,11.7,8.0,3.7,630.2,8.6,17.3,580.9,23.4,13.347490,77.102173
385,RAJASTHAN,BUNDI,5.6,3.3,3.3,2.3,6.6,62.2,256.6,235.8,101.3,16.7,8.3,3.6,705.6,8.9,12.2,655.9,28.6,13.347490,77.102173
386,RAJASTHAN,CHITTORGARH,4.3,1.5,2.7,3.3,10.1,71.5,249.9,269.9,118.4,18.1,13.2,2.4,765.3,5.8,16.1,709.7,33.7,13.347490,77.102173
387,RAJASTHAN,DUNGARPUR,1.7,0.6,1.8,1.2,4.6,77.1,228.5,221.9,110.3,14.8,12.6,2.7,677.8,2.3,7.6,637.8,30.1,13.347490,77.102173
388,RAJASTHAN,JAIPUR,6.7,7.5,2.4,3.9,15.0,52.1,206.9,192.5,73.1,11.8,2.7,2.6,577.2,14.2,21.3,524.6,17.1,13.347490,77.102173
389,RAJASTHAN,JHALAWAR,6.8,2.3,3.4,1.4,7.0,84.1,285.8,335.8,149.4,27.0,11.6,5.6,920.2,9.1,11.8,855.1,44.2,13.347490,77.102173
390,RAJASTHAN,JHUNJHUNU,7.7,9.1,6.3,5.0,20.7,52.9,153.1,144.0,60.0,13.3,3.5,5.4,481.0,16.8,32.0,410.0,22.2,13.347490,77.102173
391,RAJASTHAN,KOTA,6.8,3.2,3.2,2.5,6.9,69.8,275.2,276.8,124.5,24.9,10.6,3.5,807.9,10.0,12.6,746.3,39.0,13.347490,77.102173
392,RAJASTHAN,SAWAI MADHOPUR,7.3,6.4,2.9,2.9,9.8,53.9,253.4,264.5,92.2,19.4,4.7,3.6,721.0,13.7,15.6,664.0,27.7,13.347490,77.102173
393,RAJASTHAN,SIKAR,7.2,8.3,4.2,4.7,19.1,48.2,167.1,134.0,53.2,10.7,3.8,3.3,463.8,15.5,28.0,402.5,17.8,13.347490,77.102173
394,RAJASTHAN,SIROHI,4.1,1.5,3.2,2.7,10.1,72.2,332.0,313.0,151.4,12.9,8.6,1.7,913.4,5.6,16.0,868.6,23.2,13.347490,77.102173
395,RAJASTHAN,TONK,5.0,5.3,2.7,3.0,10.1,56.1,219.7,210.5,79.7,13.9,4.9,3.0,613.9,10.3,15.8,566.0,21.8,13.347490,77.102173
396,RAJASTHAN,UDAIPUR,2.8,2.0,4.3,2.2,8.2,73.6,207.5,203.7,106.5,15.2,11.1,2.6,639.7,4.8,14.7,591.3,28.9,13.347490,77.102173
397,RAJASTHAN,DHOLPUR,8.6,9.5,7.0,2.5,8.6,54.5,211.7,266.1,117.7,26.3,4.3,5.3,722.1,18.1,18.1,650.0,35.9,13.347490,77.102173
398,RAJASTHAN,BARAN,7.1,3.2,2.8,1.7,6.5,73.3,295.3,303.6,120.0,25.2,9.7,4.3,852.7,10.3,11.0,792.2,39.2,13.347490,77.102173
399,RAJASTHAN,DAUSA,8.7,7.0,4.2,4.1,12.8,52.4,237.0,228.2,94.5,17.1,4.7,4.1,674.8,15.7,21.1,612.1,25.9,13.347490,77.102173
400,RAJASTHAN,RAJSAMAND,4.0,2.2,3.7,2.6,12.3,68.1,176.8,177.6,83.5,13.7,6.9,3.1,554.5,6.2,18.6,506.0,23.7,13.347490,77.102173
401,RAJASTHAN,KARAULI,9.1,7.7,3.5,2.4,9.9,50.8,220.5,269.8,96.3,17.0,5.4,3.8,696.2,16.8,15.8,637.4,26.2,13.347490,77.102173
402,RAJASTHAN,PRATAPGARH(CHT,3.6,1.2,3.4,3.3,5.8,108.3,283.3,290.4,163.8,32.8,16.4,3.0,915.3,4.8,12.5,845.8,52.2,13.347490,77.102173
403,MADHYA PRADESH,BETUL,7.5,8.5,9.3,5.9,6.4,137.0,290.6,293.4,197.5,49.4,13.4,9.9,1028.8,16.0,21.6,918.5,72.7,13.347490,77.102173
404,MADHYA PRADESH,VIDISHA,14.0,8.2,5.1,1.4,4.4,110.3,356.2,376.0,162.5,24.0,11.9,10.8,1084.8,22.2,10.9,1005.0,46.7,13.347490,77.102173
405,MADHYA PRADESH,BHIND,10.4,7.1,4.2,1.3,4.6,55.6,221.5,261.4,147.0,39.5,3.9,6.9,763.4,17.5,10.1,685.5,50.3,13.347490,77.102173
406,MADHYA PRADESH,DATIA,9.1,8.5,5.0,3.4,6.6,62.2,246.0,293.0,174.6,39.8,4.1,7.9,860.2,17.6,15.0,775.8,51.8,13.347490,77.102173
407,MADHYA PRADESH,DEWAS,7.5,4.0,3.8,1.3,6.2,127.9,311.6,330.7,179.6,34.4,13.5,10.9,1031.4,11.5,11.3,949.8,58.8,13.347490,77.102173
408,MADHYA PRADESH,DHAR,3.3,1.0,1.4,0.8,4.1,126.4,266.3,261.5,172.6,34.8,11.1,2.8,886.1,4.3,6.3,826.8,48.7,13.347490,77.102173
409,MADHYA PRADESH,GUNA,12.1,7.1,6.3,2.7,8.6,87.3,336.6,356.0,163.1,28.6,10.6,9.3,1028.3,19.2,17.6,943.0,48.5,13.347490,77.102173
410,MADHYA PRADESH,GWALIOR,14.5,8.6,5.5,3.7,8.2,71.8,258.0,289.7,171.1,41.5,5.1,8.2,885.9,23.1,17.4,790.6,54.8,13.347490,77.102173
411,MADHYA PRADESH,HOSHANGABAD,11.8,8.3,9.1,3.2,8.1,140.3,416.6,464.4,267.8,37.4,15.0,10.2,1392.2,20.1,20.4,1289.1,62.6,13.347490,77.102173
412,MADHYA PRADESH,INDORE,5.9,2.3,1.8,1.2,8.3,120.4,270.9,266.9,181.5,38.3,14.1,5.7,917.3,8.2,11.3,839.7,58.1,13.347490,77.102173
413,MADHYA PRADESH,JHABUA,2.6,0.3,0.9,0.9,7.8,108.2,240.6,248.3,148.2,39.0,12.4,3.6,812.8,2.9,9.6,745.3,55.0,13.347490,77.102173
414,MADHYA PRADESH,MANDSAUR,4.9,1.8,3.8,3.9,3.6,81.7,276.7,276.9,144.7,35.8,13.0,3.3,850.1,6.7,11.3,780.0,52.1,13.347490,77.102173
415,MADHYA PRADESH,MORENA,11.7,7.5,5.3,2.6,6.5,52.7,236.0,284.1,135.4,25.8,3.0,6.4,777.0,19.2,14.4,708.2,35.2,13.347490,77.102173
416,MADHYA PRADESH,KHANDWA,7.3,4.1,5.8,2.0,9.7,125.3,268.1,279.0,178.4,35.4,14.6,10.3,940.0,11.4,17.5,850.8,60.3,13.347490,77.102173
417,MADHYA PRADESH,KHARGONE,5.0,2.8,2.1,1.4,7.1,131.5,229.2,237.3,160.5,31.5,10.7,7.8,826.9,7.8,10.6,758.5,50.0,13.347490,77.102173
418,MADHYA PRADESH,RAISEN,10.2,9.4,6.4,1.8,6.4,128.9,373.1,405.9,206.9,32.9,9.9,8.7,1200.5,19.6,14.6,1114.8,51.5,13.347490,77.102173
419,MADHYA PRADESH,RAJGARH,10.1,3.9,4.8,1.4,5.6,94.6,301.5,339.5,154.6,27.0,14.6,9.1,966.7,14.0,11.8,890.2,50.7,13.347490,77.102173
420,MADHYA PRADESH,RATLAM,4.7,1.9,2.1,2.0,5.1,103.9,295.4,299.2,172.8,41.1,12.7,6.9,947.8,6.6,9.2,871.3,60.7,13.347490,77.102173
421,MADHYA PRADESH,SEHORE,9.0,6.8,4.2,1.2,7.0,125.1,349.6,391.5,201.3,33.5,14.2,9.2,1152.6,15.8,12.4,1067.5,56.9,13.347490,77.102173
422,MADHYA PRADESH,SHAJAPUR,10.2,3.3,3.7,1.8,6.9,95.6,299.0,316.3,163.0,29.2,11.6,8.8,949.4,13.5,12.4,873.9,49.6,13.347490,77.102173
423,MADHYA PRADESH,SHIVPURI,13.0,6.8,3.6,2.3,6.9,70.5,276.1,280.0,153.2,31.8,7.5,7.7,859.4,19.8,12.8,779.8,47.0,13.347490,77.102173
424,MADHYA PRADESH,UJJAIN,6.4,2.1,2.0,0.8,5.4,104.7,276.6,291.6,160.8,35.0,12.9,7.4,905.7,8.5,8.2,833.7,55.3,13.347490,77.102173
425,MADHYA PRADESH,BHOPAL,11.8,7.0,6.5,2.5,9.7,111.8,338.5,355.9,192.4,33.8,8.3,9.5,1087.7,18.8,18.7,998.6,51.6,13.347490,77.102173
426,MADHYA PRADESH,HARDA,9.0,6.2,3.1,0.9,6.4,110.3,340.6,379.8,211.6,37.0,14.2,9.2,1128.3,15.2,10.4,1042.3,60.4,13.347490,77.102173
427,MADHYA PRADESH,NEEMUCH,4.5,2.8,3.7,2.3,6.1,85.2,264.5,258.8,138.9,31.2,12.3,3.5,813.8,7.3,12.1,747.4,47.0,13.347490,77.102173
428,MADHYA PRADESH,SHEOPUR,9.8,3.3,4.3,2.2,6.8,69.1,271.8,278.2,108.3,27.7,4.9,5.5,791.9,13.1,13.3,727.4,38.1,13.347490,77.102173
429,MADHYA PRADESH,BARWANI,2.9,0.8,1.9,0.9,7.2,105.6,198.0,194.6,137.2,35.5,10.8,5.8,701.2,3.7,10.0,635.4,52.1,13.347490,77.102173
430,MADHYA PRADESH,ASHOKNAGAR(GNA,7.2,6.5,3.0,0.7,1.8,71.2,315.6,314.0,164.3,25.1,5.5,11.8,926.7,13.7,5.5,865.1,42.4,13.347490,77.102173
431,MADHYA PRADESH,BURHANPUR,4.2,2.9,6.7,2.1,16.2,158.9,223.9,251.8,149.6,45.7,16.2,10.9,889.1,7.1,25.0,784.2,72.8,13.347490,77.102173
432,MADHYA PRADESH,ALIRAJPUR(JBA),3.9,2.2,1.7,1.7,8.3,113.9,270.8,257.0,157.3,30.8,11.0,5.0,863.6,6.1,11.7,799.0,46.8,13.347490,77.102173
433,MADHYA PRADESH,BALAGHAT,20.9,15.3,15.1,7.1,6.7,184.5,475.3,451.9,222.9,56.4,8.2,17.3,1481.6,36.2,28.9,1334.6,81.9,13.347490,77.102173
434,MADHYA PRADESH,CHHATARPUR,17.6,12.6,6.0,3.1,5.3,95.0,317.3,369.6,203.1,34.2,9.2,8.4,1081.4,30.2,14.4,985.0,51.8,13.347490,77.102173
435,MADHYA PRADESH,CHHINDWARA,17.5,14.7,17.3,8.0,8.8,146.8,283.6,278.0,174.4,43.5,16.2,12.8,1021.6,32.2,34.1,882.8,72.5,13.347490,77.102173
436,MADHYA PRADESH,JABALPUR,18.2,11.4,11.4,3.7,7.6,124.6,355.1,411.1,199.5,32.9,7.9,9.0,1192.4,29.6,22.7,1090.3,49.8,13.347490,77.102173
437,MADHYA PRADESH,MANDLA,24.7,22.6,22.8,9.6,7.5,157.4,432.2,442.5,213.7,40.4,9.0,14.6,1397.0,47.3,39.9,1245.8,64.0,13.347490,77.102173
438,MADHYA PRADESH,NARSINGHPUR,10.8,10.6,5.8,2.0,6.0,113.1,353.7,383.0,217.3,30.0,7.9,6.2,1146.4,21.4,13.8,1067.1,44.1,13.347490,77.102173
439,MADHYA PRADESH,PANNA,22.5,14.8,8.7,2.5,4.1,111.8,358.7,391.4,210.2,31.4,7.8,7.8,1171.7,37.3,15.3,1072.1,47.0,13.347490,77.102173
440,MADHYA PRADESH,REWA,18.0,13.9,10.4,3.0,4.7,121.4,307.0,326.7,216.6,31.4,8.8,6.6,1068.5,31.9,18.1,971.7,46.8,13.347490,77.102173
441,MADHYA PRADESH,SAGAR,17.8,12.2,10.0,2.3,6.9,127.7,352.6,410.0,197.8,33.3,11.5,10.1,1192.2,30.0,19.2,1088.1,54.9,13.347490,77.102173
442,MADHYA PRADESH,SATNA,23.1,15.7,9.5,3.8,4.6,120.7,305.7,333.0,193.8,32.1,8.6,5.5,1056.1,38.8,17.9,953.2,46.2,13.347490,77.102173
443,MADHYA PRADESH,SEONI,18.4,18.7,22.7,9.6,9.8,163.6,357.9,324.1,192.8,44.4,15.9,13.9,1191.8,37.1,42.1,1038.4,74.2,13.347490,77.102173
444,MADHYA PRADESH,SHAHDOL,23.5,19.1,13.1,5.0,7.7,122.6,313.8,364.2,194.1,31.5,6.2,9.1,1109.9,42.6,25.8,994.7,46.8,13.347490,77.102173
445,MADHYA PRADESH,SIDHI,20.7,14.7,11.6,3.4,9.4,129.1,323.3,332.6,231.4,35.5,8.0,7.3,1127.0,35.4,24.4,1016.4,50.8,13.347490,77.102173
446,MADHYA PRADESH,TIKAMGARH,20.1,7.1,4.5,1.8,4.9,82.8,281.9,332.8,155.7,29.4,7.4,10.1,938.5,27.2,11.2,853.2,46.9,13.347490,77.102173
447,MADHYA PRADESH,KATNI,19.9,13.7,9.1,2.2,3.3,112.2,354.4,391.1,193.6,30.9,5.0,5.7,1141.1,33.6,14.6,1051.3,41.6,13.347490,77.102173
448,MADHYA PRADESH,DINDORI,19.6,19.4,13.8,5.0,9.1,196.9,413.3,403.4,192.3,37.2,10.1,16.6,1336.7,39.0,27.9,1205.9,63.9,13.347490,77.102173
449,MADHYA PRADESH,UMARIA,26.7,21.5,16.2,7.4,7.9,124.9,339.8,415.2,214.0,38.7,9.7,13.7,1235.7,48.2,31.5,1093.9,62.1,13.347490,77.102173
450,MADHYA PRADESH,DAMOH,20.2,16.5,10.9,5.6,5.3,121.6,360.3,399.1,190.0,32.6,9.2,9.3,1180.6,36.7,21.8,1071.0,51.1,13.347490,77.102173
451,MADHYA PRADESH,ANUPPUR(SHAHD,29.5,24.8,20.5,14.7,19.9,177.6,386.3,387.2,223.7,47.0,8.1,15.2,1354.5,54.3,55.1,1174.8,70.3,13.347490,77.102173
452,MADHYA PRADESH,SINGRAULI,10.4,12.6,7.8,3.4,4.8,112.1,262.3,272.8,185.1,38.2,4.4,7.3,921.2,23.0,16.0,832.3,49.9,13.347490,77.102173
453,GUJARAT,AHMEDABAD,0.8,0.3,0.5,0.7,5.9,91.0,215.4,190.8,105.4,19.1,8.2,1.8,639.9,1.1,7.1,602.6,29.1,13.347490,77.102173
454,GUJARAT,BANASKANTHA,1.4,1.3,2.4,0.9,3.7,63.4,220.0,181.5,98.6,16.7,7.4,1.1,598.4,2.7,7.0,563.5,25.2,13.347490,77.102173
455,GUJARAT,BARODA,1.2,0.0,0.5,0.8,4.6,138.8,332.5,306.3,165.2,25.9,14.0,2.4,992.2,1.2,5.9,942.8,42.3,13.347490,77.102173
456,GUJARAT,BHARUCH,0.3,0.1,0.8,0.1,4.9,135.4,283.2,221.2,146.4,22.9,8.3,1.3,824.9,0.4,5.8,786.2,32.5,13.347490,77.102173
457,GUJARAT,VALSAD,0.7,0.1,0.5,0.0,6.3,350.5,771.8,522.1,306.9,48.0,13.8,1.0,2021.7,0.8,6.8,1951.3,62.8,13.347490,77.102173
458,GUJARAT,DANGS,1.5,1.0,1.4,3.4,12.5,258.6,749.8,588.6,364.7,66.0,13.1,2.4,2063.0,2.5,17.3,1961.7,81.5,13.347490,77.102173
459,GUJARAT,KHEDA,1.2,0.4,1.3,0.4,4.5,110.3,291.0,259.8,150.5,18.0,11.3,1.4,850.1,1.6,6.2,811.6,30.7,13.347490,77.102173
460,GUJARAT,MEHSANA,1.3,0.6,1.0,1.0,5.7,73.9,248.2,208.0,125.6,18.4,7.0,2.0,692.7,1.9,7.7,655.7,27.4,13.347490,77.102173
461,GUJARAT,PANCHMAHALS,1.0,0.1,0.7,0.3,6.0,114.5,311.5,322.6,163.5,25.2,12.1,1.8,959.3,1.1,7.0,912.1,39.1,13.347490,77.102173
462,GUJARAT,SABARKANTHA,1.1,0.6,2.3,1.4,4.5,89.1,289.0,260.8,139.8,18.5,7.3,1.9,816.3,1.7,8.2,778.7,27.7,13.347490,77.102173
463,GUJARAT,SURAT,0.0,0.1,0.9,0.1,5.4,223.4,495.7,326.6,207.9,31.7,11.5,1.4,1304.7,0.1,6.4,1253.6,44.6,13.347490,77.102173
464,GUJARAT,GANDHINAGAR,0.9,0.6,0.7,0.4,6.8,72.3,280.6,223.3,139.4,18.5,6.6,2.6,752.7,1.5,7.9,715.6,27.7,13.347490,77.102173
465,GUJARAT,NARMADA(BRC),0.5,0.0,1.1,0.2,6.0,164.4,405.2,348.6,181.6,26.4,8.1,1.6,1143.7,0.5,7.3,1099.8,36.1,13.347490,77.102173
466,GUJARAT,NAVSARI(VSD),0.6,0.1,0.8,0.0,7.2,305.3,728.9,484.8,284.3,42.1,10.8,1.5,1866.4,0.7,8.0,1803.3,54.4,13.347490,77.102173
467,GUJARAT,ANAND(KHR),1.2,0.3,1.6,0.4,3.7,119.5,277.3,261.2,130.9,19.2,16.9,2.4,834.6,1.5,5.7,788.9,38.5,13.347490,77.102173
468,GUJARAT,PATAN(MHSN),1.1,0.9,1.5,0.3,3.8,56.9,206.3,166.0,84.7,10.2,6.6,1.3,539.6,2.0,5.6,513.9,18.1,13.347490,77.102173
469,GUJARAT,DAHOD(PNML),1.8,0.2,1.3,1.0,4.5,111.0,284.6,292.0,165.7,27.8,11.0,2.7,903.6,2.0,6.8,853.3,41.5,13.347490,77.102173
470,GUJARAT,TAPI(SRT),0.0,0.0,0.8,0.1,8.1,234.8,574.5,442.7,232.9,28.0,11.0,3.1,1536.0,0.0,9.0,1484.9,42.1,13.347490,77.102173
471,GUJARAT,AMRELI,0.6,0.2,1.4,0.2,3.2,104.8,190.8,126.2,96.4,25.4,16.6,1.5,567.3,0.8,4.8,518.2,43.5,13.347490,77.102173
472,GUJARAT,BHAVNAGAR,0.5,0.3,1.2,0.1,2.9,115.5,178.8,140.0,103.4,22.2,12.4,1.0,578.3,0.8,4.2,537.7,35.6,13.347490,77.102173
473,GUJARAT,JAMNAGAR,0.6,1.0,2.7,0.3,1.5,89.1,196.6,118.0,58.7,16.8,12.0,0.7,498.0,1.6,4.5,462.4,29.5,13.347490,77.102173
474,GUJARAT,JUNAGADH,0.5,0.4,0.3,0.1,1.2,190.2,334.1,165.5,97.4,27.6,12.7,0.4,830.4,0.9,1.6,787.2,40.7,13.347490,77.102173
475,GUJARAT,KUTCH,0.6,0.7,1.7,0.2,2.8,45.1,151.5,103.9,60.8,12.5,7.7,1.3,388.8,1.3,4.7,361.3,21.5,13.347490,77.102173
476,GUJARAT,RAJKOT,0.3,0.0,0.9,0.4,2.9,96.6,216.4,144.2,82.9,22.9,10.1,1.5,579.1,0.3,4.2,540.1,34.5,13.347490,77.102173
477,GUJARAT,SURENDRANAGAR,0.2,0.0,0.1,0.3,4.7,99.7,168.8,148.1,83.2,17.5,11.3,0.7,534.6,0.2,5.1,499.8,29.5,13.347490,77.102173
478,GUJARAT,PORBANDAR,0.5,0.9,1.3,0.1,1.6,166.3,277.3,145.6,83.5,25.2,13.7,0.6,716.6,1.4,3.0,672.7,39.5,13.347490,77.102173
479,DADAR NAGAR HAVELI,DNH,0.4,0.3,0.0,0.0,7.4,385.1,884.5,655.9,391.4,38.6,10.5,0.0,2374.1,0.7,7.4,2316.9,49.1,13.347490,77.102173
480,DAMAN AND DUI,DAMAN,0.4,0.3,0.0,0.0,7.4,385.1,884.5,655.9,391.4,38.6,10.5,0.0,2374.1,0.7,7.4,2316.9,49.1,13.347490,77.102173
481,DAMAN AND DUI,DIU,0.7,0.7,0.4,0.2,0.9,167.9,281.7,133.3,63.8,32.5,14.3,0.9,697.3,1.4,1.5,646.7,47.7,13.347490,77.102173
482,MAHARASHTRA,MUMBAI CITY,1.0,1.0,0.4,1.0,18.0,539.0,785.4,508.7,309.3,77.1,12.3,4.3,2257.5,2.0,19.4,2142.4,93.7,13.347490,77.102173
483,MAHARASHTRA,RAIGAD,0.2,0.2,0.1,1.8,20.3,656.8,1209.8,852.8,398.3,114.6,19.7,4.3,3278.9,0.4,22.2,3117.7,138.6,13.347490,77.102173
484,MAHARASHTRA,RATNAGIRI,0.1,0.0,0.1,3.5,31.7,829.9,1212.7,859.2,359.7,143.1,24.9,5.7,3470.6,0.1,35.3,3261.5,173.7,13.347490,77.102173
485,MAHARASHTRA,THANE,0.2,0.3,0.3,0.7,13.9,436.4,973.7,677.8,340.4,84.5,12.4,1.5,2542.1,0.5,14.9,2428.3,98.4,13.347490,77.102173
486,MAHARASHTRA,SINDHUDURG,0.3,0.1,0.4,4.3,58.9,909.5,1100.0,706.9,305.4,142.9,30.5,10.0,3269.2,0.4,63.6,3021.8,183.4,13.347490,77.102173
487,MAHARASHTRA,MUMBAI SUB,1.0,1.0,0.4,1.0,18.0,539.0,785.4,508.7,309.3,77.1,12.3,4.3,2257.5,2.0,19.4,2142.4,93.7,13.347490,77.102173
488,GOA,NORTH GOA,0.4,0.0,0.7,9.0,94.3,949.8,1182.6,730.2,292.3,165.7,35.1,11.3,3471.4,0.4,104.0,3154.9,212.1,13.347490,77.102173
489,GOA,SOUTH GOA,0.7,0.1,0.4,6.6,81.2,866.4,1033.6,637.4,269.5,145.7,34.9,9.1,3085.6,0.8,88.2,2806.9,189.7,13.347490,77.102173
490,MAHARASHTRA,AHMEDNAGAR,0.6,1.3,3.0,5.3,21.6,104.9,101.8,91.8,139.1,73.8,22.5,7.5,573.2,1.9,29.9,437.6,103.8,13.347490,77.102173
491,MAHARASHTRA,DHULE,2.5,1.0,3.2,1.6,10.3,117.5,168.9,131.4,105.7,43.5,16.7,4.9,607.2,3.5,15.1,523.5,65.1,13.347490,77.102173
492,MAHARASHTRA,JALGAON,3.3,2.4,4.3,1.4,7.5,132.1,191.0,195.6,123.1,46.1,17.1,7.0,730.9,5.7,13.2,641.8,70.2,13.347490,77.102173
493,MAHARASHTRA,KOLHAPUR,1.0,0.8,4.6,25.9,60.2,351.5,723.7,477.2,185.2,125.0,30.4,7.3,1992.8,1.8,90.7,1737.6,162.7,13.347490,77.102173
494,MAHARASHTRA,NASHIK,1.2,0.5,1.0,4.7,15.1,154.9,315.0,259.0,183.3,68.0,22.3,4.6,1029.6,1.7,20.8,912.2,94.9,13.347490,77.102173
495,MAHARASHTRA,PUNE,0.6,0.1,1.6,7.6,27.4,156.9,312.9,225.1,166.1,87.1,24.3,6.0,1015.7,0.7,36.6,861.0,117.4,13.347490,77.102173
496,MAHARASHTRA,SANGLI,1.7,0.8,4.3,22.6,54.0,119.0,150.6,107.2,131.3,108.3,25.2,5.6,730.6,2.5,80.9,508.1,139.1,13.347490,77.102173
497,MAHARASHTRA,SATARA,0.7,0.7,3.1,14.0,36.4,150.7,254.4,175.2,143.5,95.6,29.9,8.3,912.5,1.4,53.5,723.8,133.8,13.347490,77.102173
498,MAHARASHTRA,SOLAPUR,2.7,1.5,3.4,9.2,29.8,102.7,99.8,101.6,170.1,94.5,24.6,6.6,646.5,4.2,42.4,474.2,125.7,13.347490,77.102173
499,MAHARASHTRA,NANDURBAR,1.0,0.0,0.3,1.5,9.3,137.6,301.4,243.3,146.1,37.2,10.6,2.4,890.7,1.0,11.1,828.4,50.2,13.347490,77.102173
500,MAHARASHTRA,AURANGABAD,2.5,1.6,3.1,2.8,17.1,130.4,156.3,157.9,149.6,59.2,25.0,10.7,716.2,4.1,23.0,594.2,94.9,13.347490,77.102173
501,MAHARASHTRA,BEED,2.5,2.0,3.8,7.0,19.7,128.3,136.2,137.0,167.9,71.3,22.6,10.1,708.4,4.5,30.5,569.4,104.0,13.347490,77.102173
502,MAHARASHTRA,NANDED,4.9,4.5,8.4,8.8,15.9,155.2,247.1,242.6,171.5,79.9,16.2,6.1,961.1,9.4,33.1,816.4,102.2,13.347490,77.102173
503,MAHARASHTRA,OSMANABAD,3.4,2.6,3.9,7.5,26.3,132.1,154.2,154.2,182.9,85.3,22.3,4.6,779.3,6.0,37.7,623.4,112.2,13.347490,77.102173
504,MAHARASHTRA,PARBHANI,5.8,2.9,7.9,7.5,14.4,154.6,215.3,219.9,167.4,74.4,16.9,10.0,897.0,8.7,29.8,757.2,101.3,13.347490,77.102173
505,MAHARASHTRA,LATUR,4.4,3.6,7.8,11.5,21.1,144.8,217.9,220.4,169.4,81.0,22.4,5.7,910.0,8.0,40.4,752.5,109.1,13.347490,77.102173
506,MAHARASHTRA,JALNA,3.2,2.0,4.5,2.7,17.5,139.3,165.0,159.9,142.2,61.2,24.1,8.1,729.7,5.2,24.7,606.4,93.4,13.347490,77.102173
507,MAHARASHTRA,HINGOLI,5.0,4.8,7.2,6.1,13.4,185.2,243.3,255.7,164.9,66.2,18.2,9.4,979.4,9.8,26.7,849.1,93.8,13.347490,77.102173
508,MAHARASHTRA,AKOLA,8.6,5.3,8.8,4.4,9.7,142.9,226.3,204.3,128.8,52.8,16.7,6.8,815.4,13.9,22.9,702.3,76.3,13.347490,77.102173
509,MAHARASHTRA,AMRAVATI,10.1,6.3,7.8,3.7,6.4,137.2,254.2,243.8,151.4,53.0,15.2,8.3,897.4,16.4,17.9,786.6,76.5,13.347490,77.102173
510,MAHARASHTRA,BHANDARA,15.9,13.2,17.7,10.2,11.4,168.0,376.4,391.2,201.6,61.8,13.4,11.9,1292.7,29.1,39.3,1137.2,87.1,13.347490,77.102173
511,MAHARASHTRA,BULDHANA,4.6,3.0,6.1,2.9,8.0,139.7,191.5,195.3,120.1,52.7,16.0,7.0,746.9,7.6,17.0,646.6,75.7,13.347490,77.102173
512,MAHARASHTRA,CHANDRAPUR,11.4,8.9,14.6,10.8,11.6,180.6,374.0,374.1,203.1,65.1,9.9,7.9,1272.0,20.3,37.0,1131.8,82.9,13.347490,77.102173
513,MAHARASHTRA,NAGPUR,13.7,10.9,15.9,9.7,11.0,158.0,308.9,280.6,176.4,56.9,14.3,12.1,1068.4,24.6,36.6,923.9,83.3,13.347490,77.102173
514,MAHARASHTRA,YAVATMAL,8.6,4.6,11.0,7.7,11.9,173.6,267.1,262.8,151.5,61.9,13.2,8.9,982.8,13.2,30.6,855.0,84.0,13.347490,77.102173
515,MAHARASHTRA,WARDHA,11.2,9.2,13.1,8.5,15.9,169.7,273.6,273.2,163.8,57.9,15.1,15.8,1027.0,20.4,37.5,880.3,88.8,13.347490,77.102173
516,MAHARASHTRA,GADCHIROLI,9.6,7.6,14.0,12.2,17.0,209.2,454.0,441.4,198.4,68.8,11.2,6.4,1449.8,17.2,43.2,1303.0,86.4,13.347490,77.102173
517,MAHARASHTRA,WASHIM,9.0,5.7,7.5,4.9,8.3,173.0,245.4,250.4,156.8,61.0,11.5,7.4,940.9,14.7,20.7,825.6,79.9,13.347490,77.102173
518,MAHARASHTRA,GONDIA,15.2,11.2,16.3,9.1,8.4,174.1,418.1,424.3,212.3,58.9,10.7,12.1,1370.7,26.4,33.8,1228.8,81.7,13.347490,77.102173
519,CHATISGARH,BASTAR,8.2,8.6,16.2,36.7,38.6,203.8,350.9,373.9,225.6,81.4,12.4,6.3,1362.6,16.8,91.5,1154.2,100.1,13.347490,77.102173
520,CHATISGARH,BILASPUR,17.4,17.2,17.9,15.0,18.1,171.1,357.9,336.3,202.5,54.8,9.4,11.4,1229.0,34.6,51.0,1067.8,75.6,13.347490,77.102173
521,CHATISGARH,DURG,6.4,5.7,12.3,7.0,9.3,173.0,325.6,320.7,198.7,56.5,4.7,3.0,1122.9,12.1,28.6,1018.0,64.2,13.347490,77.102173
522,CHATISGARH,RAIGARH,11.0,12.8,11.6,11.4,18.3,179.8,373.2,356.9,233.6,49.5,6.6,5.2,1269.9,23.8,41.3,1143.5,61.3,13.347490,77.102173
523,CHATISGARH,RAIPUR,6.5,8.5,12.3,9.2,16.5,170.3,352.9,327.1,196.7,52.6,7.4,4.6,1164.6,15.0,38.0,1047.0,64.6,13.347490,77.102173
524,CHATISGARH,SURGUJA,18.7,15.1,13.6,8.5,14.5,198.5,393.7,379.2,223.7,50.7,9.2,6.5,1331.9,33.8,36.6,1195.1,66.4,13.347490,77.102173
525,CHATISGARH,RAJNANDGAON,9.0,9.2,12.6,7.8,15.5,169.3,351.6,341.1,214.6,60.9,8.4,9.3,1209.3,18.2,35.9,1076.6,78.6,13.347490,77.102173
526,CHATISGARH,DANTEWADA,2.6,0.8,4.5,14.7,21.9,180.5,407.9,381.0,208.7,93.2,10.8,1.3,1327.9,3.4,41.1,1178.1,105.3,13.347490,77.102173
527,CHATISGARH,KANKER (NORH,7.9,11.1,14.8,18.1,19.9,191.7,392.5,423.4,229.1,73.7,8.3,4.7,1395.2,19.0,52.8,1236.7,86.7,13.347490,77.102173
528,CHATISGARH,JANJGIR-CHAMP,13.1,12.1,14.2,7.0,11.3,167.6,394.1,417.2,223.0,44.1,5.2,6.9,1315.8,25.2,32.5,1201.9,56.2,13.347490,77.102173
529,CHATISGARH,KORBA,17.2,15.4,15.8,12.4,12.2,183.2,409.8,434.7,215.8,47.1,14.2,7.7,1385.5,32.6,40.4,1243.5,69.0,13.347490,77.102173
530,CHATISGARH,JASHPUR,19.6,21.2,13.8,17.9,31.6,245.2,428.6,417.4,257.4,75.5,9.0,7.2,1544.4,40.8,63.3,1348.6,91.7,13.347490,77.102173
531,CHATISGARH,DHAMTARI,3.9,9.0,11.4,11.3,17.2,157.9,357.8,326.6,208.3,57.8,4.2,3.2,1168.6,12.9,39.9,1050.6,65.2,13.347490,77.102173
532,CHATISGARH,MAHASAMUND,3.7,7.8,12.2,5.6,10.4,171.8,332.4,339.9,199.9,49.8,5.3,2.5,1141.3,11.5,28.2,1044.0,57.6,13.347490,77.102173
533,CHATISGARH,KORIYA,15.9,7.2,9.8,4.3,5.8,159.7,389.1,382.8,207.3,29.2,6.4,5.9,1223.4,23.1,19.9,1138.9,41.5,13.347490,77.102173
534,CHATISGARH,KOWARDHA (KAB,12.6,13.9,14.0,7.6,16.7,141.9,281.2,286.1,173.7,58.9,11.1,11.6,1029.3,26.5,38.3,882.9,81.6,13.347490,77.102173
535,CHATISGARH,NARAYANPUR,6.9,8.7,14.7,22.7,24.5,189.3,399.9,425.7,212.5,84.7,10.9,4.0,1404.5,15.6,61.9,1227.4,99.6,13.347490,77.102173
536,CHATISGARH,BIJAPUR,6.2,4.2,11.9,18.9,12.4,195.9,458.2,486.1,228.9,92.8,9.4,3.3,1528.2,10.4,43.2,1369.1,105.5,13.347490,77.102173
537,ANDHRA PRADESH,EAST GODAVARI,6.0,10.1,11.3,22.8,75.3,131.9,206.4,188.4,177.2,199.0,69.8,7.8,1106.0,16.1,109.4,703.9,276.6,13.347490,77.102173
538,ANDHRA PRADESH,WEST GODAVARI,6.1,10.7,8.7,19.0,55.8,135.8,240.2,227.8,180.1,197.8,66.7,11.7,1160.4,16.8,83.5,783.9,276.2,13.347490,77.102173
539,ANDHRA PRADESH,GUNTUR,5.5,7.7,7.7,15.0,58.4,90.2,147.3,155.4,150.1,143.9,75.8,14.5,871.5,13.2,81.1,543.0,234.2,13.347490,77.102173
540,ANDHRA PRADESH,KRISHNA,4.6,6.3,8.7,16.9,46.8,120.9,216.6,194.2,169.7,164.2,66.1,12.1,1027.1,10.9,72.4,701.4,242.4,13.347490,77.102173
541,ANDHRA PRADESH,NELLORE,15.7,11.6,6.0,15.2,51.4,53.4,91.2,95.0,112.8,248.2,283.9,107.2,1091.6,27.3,72.6,352.4,639.3,13.347490,77.102173
542,ANDHRA PRADESH,PRAKASAM,7.9,8.8,10.5,14.9,52.3,64.3,99.3,95.9,123.0,181.9,115.0,32.1,805.9,16.7,77.7,382.5,329.0,13.347490,77.102173
543,ANDHRA PRADESH,SRIKAKULAM,7.9,18.1,17.2,26.3,63.9,145.0,190.2,202.4,208.1,211.4,69.8,4.9,1165.2,26.0,107.4,745.7,286.1,13.347490,77.102173
544,ANDHRA PRADESH,VISAKHAPATNAM,8.8,10.8,17.6,44.7,96.6,132.6,178.2,178.2,185.4,204.3,59.2,4.3,1120.7,19.6,158.9,674.4,267.8,13.347490,77.102173
545,ANDHRA PRADESH,VIZIANAGARAM,8.7,14.4,17.7,32.3,90.7,140.7,181.5,194.8,209.1,188.1,56.3,6.1,1140.4,23.1,140.7,726.1,250.5,13.347490,77.102173
546,ANDHRA PRADESH,ADILABAD,7.5,7.0,11.4,11.9,18.2,178.4,317.4,291.7,171.4,83.0,14.8,7.3,1120.0,14.5,41.5,958.9,105.1,13.347490,77.102173
547,ANDHRA PRADESH,HYDERABAD,5.9,7.4,14.6,20.4,33.8,110.7,176.8,190.5,165.5,95.6,23.7,6.4,851.3,13.3,68.8,643.5,125.7,13.347490,77.102173
548,ANDHRA PRADESH,KARIMNAGAR,10.8,5.6,10.8,15.7,24.0,153.2,257.3,226.7,163.1,85.9,20.8,5.9,979.8,16.4,50.5,800.3,112.6,13.347490,77.102173
549,ANDHRA PRADESH,KHAMMAM,4.5,7.1,10.6,23.8,52.6,150.3,282.8,256.4,170.9,106.9,24.5,4.5,1094.9,11.6,87.0,860.4,135.9,13.347490,77.102173
550,ANDHRA PRADESH,MAHABUBNAGAR,1.8,2.9,5.6,16.6,34.1,91.1,161.6,158.2,148.8,85.4,21.2,3.8,731.1,4.7,56.3,559.7,110.4,13.347490,77.102173
551,ANDHRA PRADESH,MEDAK,6.5,4.9,9.5,18.8,28.0,138.2,229.4,211.1,165.2,86.6,19.3,4.8,922.3,11.4,56.3,743.9,110.7,13.347490,77.102173
552,ANDHRA PRADESH,NALGONDA,4.1,4.3,9.2,15.1,28.7,103.2,154.7,147.2,149.6,105.8,32.0,6.6,760.5,8.4,53.0,554.7,144.4,13.347490,77.102173
553,ANDHRA PRADESH,NIZAMABAD,7.9,4.4,8.8,12.3,24.5,161.3,289.4,296.5,172.9,91.3,17.1,5.5,1091.9,12.3,45.6,920.1,113.9,13.347490,77.102173
554,ANDHRA PRADESH,WARANGAL,8.3,7.8,12.3,14.2,28.7,147.6,271.2,222.3,155.5,88.9,22.9,7.2,986.9,16.1,55.2,796.6,119.0,13.347490,77.102173
555,ANDHRA PRADESH,RANGAREDDY,3.1,4.0,7.4,21.1,34.6,109.4,190.6,176.5,177.2,94.5,19.1,4.3,841.8,7.1,63.1,653.7,117.9,13.347490,77.102173
556,ANDHRA PRADESH,ANANTAPUR,3.0,3.3,6.1,18.9,56.7,55.2,64.3,74.5,128.8,115.0,35.3,11.6,572.7,6.3,81.7,322.8,161.9,13.347490,77.102173
557,ANDHRA PRADESH,CHITTOOR,7.7,7.6,10.1,25.6,67.2,66.8,100.1,110.2,140.0,167.2,137.3,58.4,898.2,15.3,102.9,417.1,362.9,13.347490,77.102173
558,ANDHRA PRADESH,KUDDAPAH,1.9,2.4,4.7,17.3,47.6,69.8,101.1,108.6,124.6,137.3,77.2,24.4,716.9,4.3,69.6,404.1,238.9,13.347490,77.102173
559,ANDHRA PRADESH,KURNOOL,1.2,1.9,5.7,18.3,51.7,80.5,115.8,124.3,139.6,105.6,28.4,6.6,679.6,3.1,75.7,460.2,140.6,13.347490,77.102173
560,TAMIL NADU,VELLORE,8.1,6.8,9.2,22.3,75.0,65.9,107.3,129.0,163.9,163.2,127.2,58.3,936.2,14.9,106.5,466.1,348.7,13.347490,77.102173
561,TAMIL NADU,COIMBATORE,8.1,12.2,17.2,53.4,79.7,32.9,47.2,40.6,69.1,151.9,129.6,47.4,689.3,20.3,150.3,189.8,328.9,13.347490,77.102173
562,TAMIL NADU,DHARMAPURI,8.0,10.2,15.9,41.7,102.8,53.6,77.9,99.3,162.6,180.5,103.3,46.3,902.1,18.2,160.4,393.4,330.1,13.347490,77.102173
563,TAMIL NADU,KANYAKUMARI,18.4,22.0,42.5,104.3,141.5,186.1,112.5,76.7,102.1,226.3,208.6,61.5,1302.5,40.4,288.3,477.4,496.4,13.347490,77.102173
564,TAMIL NADU,CHENNAI,22.1,14.6,3.0,12.0,43.5,64.1,108.6,147.9,118.5,266.5,367.8,155.6,1324.2,36.7,58.5,439.1,789.9,13.347490,77.102173
565,TAMIL NADU,MADURAI,13.6,14.5,20.6,57.8,66.4,48.7,66.6,87.3,133.3,206.2,151.3,61.6,927.9,28.1,144.8,335.9,419.1,13.347490,77.102173
566,TAMIL NADU,NILGIRIS,23.1,26.2,35.6,82.4,117.3,169.8,260.8,180.9,148.4,217.9,181.2,79.1,1522.7,49.3,235.3,759.9,478.2,13.347490,77.102173
567,TAMIL NADU,RAMANATHAPURA,33.0,18.3,23.5,53.0,39.0,16.9,30.1,44.2,58.1,182.4,187.2,122.1,807.8,51.3,115.5,149.3,491.7,13.347490,77.102173
568,TAMIL NADU,SALEM,8.5,7.5,16.0,54.0,100.8,65.1,96.4,119.6,159.5,190.9,123.8,55.8,997.9,16.0,170.8,440.6,370.5,13.347490,77.102173
569,TAMIL NADU,THANJAVUR,26.9,15.4,17.3,30.5,54.3,39.8,65.0,101.8,111.8,183.8,219.2,147.3,1013.1,42.3,102.1,318.4,550.3,13.347490,77.102173
570,TAMIL NADU,TIRUCHIRAPPAL,13.6,9.1,11.8,38.4,59.7,31.5,53.2,73.8,135.4,173.2,139.9,78.4,818.0,22.7,109.9,293.9,391.5,13.347490,77.102173
571,TAMIL NADU,TIRUNELVELI,35.4,33.9,48.1,70.4,47.7,37.9,39.5,26.8,38.2,157.5,210.1,99.6,845.1,69.3,166.2,142.4,467.2,13.347490,77.102173
572,TAMIL NADU,ERODE,6.6,9.5,16.8,44.5,81.1,27.5,38.9,57.6,105.8,158.9,110.5,45.2,702.9,16.1,142.4,229.8,314.6,13.347490,77.102173
573,TAMIL NADU,PUDUKKOTTAI,23.2,9.9,13.5,34.2,49.8,44.6,79.3,109.0,117.7,158.0,147.1,101.1,887.4,33.1,97.5,350.6,406.2,13.347490,77.102173
574,TAMIL NADU,DINDIGUL,19.0,11.9,22.4,62.6,83.0,41.2,55.9,70.5,127.8,188.1,159.0,89.3,930.7,30.9,168.0,295.4,436.4,13.347490,77.102173
575,TAMIL NADU,VIRUDHUNAGAR,18.8,24.0,28.8,67.5,65.2,22.1,35.8,51.4,87.5,180.7,172.7,65.6,820.1,42.8,161.5,196.8,419.0,13.347490,77.102173
576,TAMIL NADU,SIVAGANGA,15.6,12.3,17.5,46.1,57.6,41.9,72.0,88.2,98.9,187.1,148.5,87.1,872.8,27.9,121.2,301.0,422.7,13.347490,77.102173
577,TAMIL NADU,THOOTHUKUDI,24.6,18.2,29.1,51.5,31.0,7.1,15.9,15.8,36.1,151.3,185.4,90.3,656.3,42.8,111.6,74.9,427.0,13.347490,77.102173
578,TAMIL NADU,TIRUVANNAMALA,14.7,11.8,11.4,19.3,68.2,62.4,96.0,142.3,167.4,194.2,170.2,82.1,1040.0,26.5,98.9,468.1,446.5,13.347490,77.102173
579,TAMIL NADU,NAGAPATTINAM,62.6,23.1,18.5,24.0,38.0,36.8,59.9,93.0,96.4,241.2,411.7,288.1,1393.3,85.7,80.5,286.1,941.0,13.347490,77.102173
580,TAMIL NADU,VILUPPURAM,18.5,9.7,9.3,16.3,50.4,48.9,83.9,130.2,145.3,186.5,195.1,117.5,1011.6,28.2,76.0,408.3,499.1,13.347490,77.102173
581,TAMIL NADU,CUDDALORE,27.9,16.2,14.6,17.0,50.1,47.3,75.1,129.2,131.5,220.2,295.3,182.3,1206.7,44.1,81.7,383.1,697.8,13.347490,77.102173
582,TAMIL NADU,KANCHIPURAM,17.3,11.8,3.3,16.4,46.3,68.4,109.5,164.1,148.8,225.8,283.0,133.0,1227.7,29.1,66.0,490.8,641.8,13.347490,77.102173
583,TAMIL NADU,TIRUVALLUR,18.0,13.5,5.1,13.7,48.4,68.6,110.3,135.4,137.3,211.0,261.3,117.0,1139.6,31.5,67.2,451.6,589.3,13.347490,77.102173
584,TAMIL NADU,THENI,16.0,19.4,35.4,73.4,59.5,22.0,32.6,33.3,70.5,167.7,139.0,51.2,720.0,35.4,168.3,158.4,357.9,13.347490,77.102173
585,TAMIL NADU,NAMAKKAL,6.5,7.4,12.7,44.1,91.8,44.0,68.0,97.4,129.9,156.8,98.8,36.0,793.4,13.9,148.6,339.3,291.6,13.347490,77.102173
586,TAMIL NADU,KARUR,9.7,7.8,10.4,38.0,60.8,19.8,35.7,51.8,106.3,144.6,119.1,51.0,655.0,17.5,109.2,213.6,314.7,13.347490,77.102173
587,TAMIL NADU,PERAMBALUR,13.1,8.3,12.7,30.8,65.4,32.6,50.3,81.9,125.9,191.0,155.0,94.9,861.9,21.4,108.9,290.7,440.9,13.347490,77.102173
588,TAMIL NADU,TIRUVARUR,40.9,19.2,17.2,33.7,46.8,33.4,64.0,94.0,105.0,200.3,304.0,214.8,1173.3,60.1,97.7,296.4,719.1,13.347490,77.102173
589,TAMIL NADU,KRISHNAGIRI,4.9,5.8,12.3,39.9,99.4,55.9,75.4,96.4,171.3,176.9,77.9,34.6,850.7,10.7,151.6,399.0,289.4,13.347490,77.102173
590,TAMIL NADU,ARIYALUR,21.2,11.3,13.1,21.9,66.8,51.5,72.7,129.2,138.6,193.4,205.2,146.9,1071.8,32.5,101.8,392.0,545.5,13.347490,77.102173
591,TAMIL NADU,TIRUPUR,7.1,6.9,13.4,48.0,73.7,22.0,27.1,31.7,74.0,147.7,120.0,46.6,618.2,14.0,135.1,154.8,314.3,13.347490,77.102173
592,PONDICHERRY,PONDICHERRY,17.9,19.6,16.6,10.7,43.6,46.9,84.3,127.8,126.0,270.7,368.5,203.9,1336.5,37.5,70.9,385.0,843.1,13.347490,77.102173
593,PONDICHERRY,KARAIKAL,53.3,42.9,17.1,17.0,32.5,50.0,59.2,82.3,101.6,275.7,475.1,297.7,1504.4,96.2,66.6,293.1,1048.5,13.347490,77.102173
594,PONDICHERRY,MAHE,17.9,19.6,16.6,10.7,43.6,46.9,84.3,127.8,126.0,270.7,368.5,203.9,1336.5,37.5,70.9,385.0,843.1,13.347490,77.102173
595,PONDICHERRY,YANAM,17.9,19.6,16.6,10.7,43.6,46.9,84.3,127.8,126.0,270.7,368.5,203.9,1336.5,37.5,70.9,385.0,843.1,13.347490,77.102173
596,KARNATAKA,UTTAR KANNADA,0.3,0.1,2.7,22.1,114.0,740.9,1053.8,667.7,258.5,155.1,44.1,11.2,3070.5,0.4,138.8,2720.9,210.4,13.347490,77.102173
597,KARNATAKA,DAKSHIN KANDA,1.9,0.7,6.4,39.8,180.9,977.2,1227.2,833.6,313.6,236.9,82.0,15.6,3915.8,2.6,227.1,3351.6,334.5,13.347490,77.102173
598,KARNATAKA,UDUPI,1.4,0.4,4.1,29.4,193.8,1081.0,1371.6,902.2,404.9,223.8,74.6,18.8,4306.0,1.8,227.3,3759.7,317.2,13.347490,77.102173
599,KARNATAKA,BELGAM,0.7,0.9,6.2,30.2,74.8,130.4,204.0,126.7,113.0,116.6,30.6,5.1,839.2,1.6,111.2,574.1,152.3,13.347490,77.102173
600,KARNATAKA,BIDAR,5.9,6.1,10.1,21.7,31.4,137.1,190.7,196.6,170.5,93.5,20.9,6.2,890.7,12.0,63.2,694.9,120.6,13.347490,77.102173
601,KARNATAKA,BIJAPUR,2.4,2.7,5.2,20.1,46.5,94.5,91.8,91.3,158.4,111.7,24.9,6.9,656.4,5.1,71.8,436.0,143.5,13.347490,77.102173
602,KARNATAKA,DHARWAD,2.3,3.2,6.9,46.6,82.5,113.8,149.1,101.6,119.5,120.4,39.6,6.2,791.7,5.5,136.0,484.0,166.2,13.347490,77.102173
603,KARNATAKA,GULBARGA,4.3,2.9,6.2,19.7,36.4,112.8,156.1,167.6,184.0,105.3,20.8,4.5,820.6,7.2,62.3,620.5,130.6,13.347490,77.102173
604,KARNATAKA,YADGIR,4.4,3.6,5.2,20.5,36.8,116.8,153.0,161.2,179.8,123.4,24.5,5.3,834.5,8.0,62.5,610.8,153.2,13.347490,77.102173
605,KARNATAKA,RAICHUR,1.4,2.0,4.1,17.7,40.5,81.7,110.2,122.2,147.5,110.5,21.4,5.9,665.1,3.4,62.3,461.6,137.8,13.347490,77.102173
606,KARNATAKA,BAGALKOTE,1.8,1.5,4.5,23.5,57.3,80.1,73.6,72.5,137.1,112.8,25.3,7.0,597.0,3.3,85.3,363.3,145.1,13.347490,77.102173
607,KARNATAKA,GADAG,1.2,1.0,3.9,33.5,71.7,85.1,70.4,75.3,137.5,121.1,33.0,7.5,641.2,2.2,109.1,368.3,161.6,13.347490,77.102173
608,KARNATAKA,HAVERI,0.3,0.5,4.0,43.6,78.5,114.7,169.8,111.1,99.5,119.0,43.9,7.0,791.9,0.8,126.1,495.1,169.9,13.347490,77.102173
609,KARNATAKA,KOPPAL,1.2,0.4,2.5,19.2,50.5,72.2,75.6,89.1,145.7,108.1,25.8,8.0,598.3,1.6,72.2,382.6,141.9,13.347490,77.102173
610,KARNATAKA,BANGALORE RUR,1.7,5.8,7.6,36.2,93.1,71.2,91.7,118.1,170.9,171.8,55.4,13.5,837.0,7.5,136.9,451.9,240.7,13.347490,77.102173
611,KARNATAKA,BELLARY,1.4,1.4,2.9,26.2,57.9,72.4,77.0,89.3,137.3,116.3,31.1,9.6,622.8,2.8,87.0,376.0,157.0,13.347490,77.102173
612,KARNATAKA,CHIKMAGALUR,1.6,2.0,12.0,60.2,105.9,395.0,662.1,425.0,175.2,167.4,58.8,12.3,2077.5,3.6,178.1,1657.3,238.5,13.347490,77.102173
613,KARNATAKA,CHITRADURGA,1.4,1.2,4.4,25.8,64.9,50.5,56.1,58.9,105.5,116.4,33.8,8.8,527.7,2.6,95.1,271.0,159.0,13.347490,77.102173
614,KARNATAKA,KODAGU,3.5,4.2,18.5,89.8,152.7,542.2,884.4,543.9,211.4,201.7,71.6,17.5,2741.4,7.7,261.0,2181.9,290.8,13.347490,77.102173
615,KARNATAKA,HASSAN,1.3,2.5,10.7,55.1,102.2,125.0,203.8,130.0,115.5,156.0,54.1,10.9,967.1,3.8,168.0,574.3,221.0,13.347490,77.102173
616,KARNATAKA,KOLAR,2.7,4.5,10.4,27.8,74.4,63.3,76.4,91.2,151.8,148.2,58.8,21.6,731.1,7.2,112.6,382.7,228.6,13.347490,77.102173
617,KARNATAKA,MANDYA,1.9,3.6,7.6,45.3,105.1,48.7,49.3,58.9,128.2,153.1,47.0,14.0,662.7,5.5,158.0,285.1,214.1,13.347490,77.102173
618,KARNATAKA,MYSORE,2.5,3.5,11.4,58.7,124.6,79.7,92.4,64.8,106.7,152.4,48.8,13.1,758.6,6.0,194.7,343.6,214.3,13.347490,77.102173
619,KARNATAKA,SHIMOGA,0.5,0.4,6.3,38.0,78.3,346.8,624.3,403.8,139.1,137.5,44.6,8.3,1827.9,0.9,122.6,1514.0,190.4,13.347490,77.102173
620,KARNATAKA,TUMKUR,2.4,3.0,7.1,34.0,87.1,61.5,69.7,79.5,148.5,148.9,46.7,10.1,698.5,5.4,128.2,359.2,205.7,13.347490,77.102173
621,KARNATAKA,BANGALORE URB,2.3,6.7,8.2,39.2,106.3,73.9,91.6,128.9,181.3,159.7,53.9,18.0,870.0,9.0,153.7,475.7,231.6,13.347490,77.102173
622,KARNATAKA,CHAMARAJANAGA,3.4,6.0,13.2,69.2,131.2,61.8,68.7,66.0,124.1,157.8,62.7,24.3,788.4,9.4,213.6,320.6,244.8,13.347490,77.102173
623,KARNATAKA,DAVANGERE,1.1,0.8,4.2,35.0,74.0,78.7,102.9,87.0,116.3,124.4,44.9,7.4,676.7,1.9,113.2,384.9,176.7,13.347490,77.102173
624,KARNATAKA,RAMNAGAR(BNGR),1.5,4.7,10.2,47.9,122.3,73.1,84.5,108.8,187.6,174.1,54.0,15.0,883.7,6.2,180.4,454.0,243.1,13.347490,77.102173
625,KARNATAKA,CHICKBALLAPUR,2.1,4.6,8.2,27.2,69.4,64.3,89.2,104.9,153.4,156.8,52.9,15.5,748.5,6.7,104.8,411.8,225.2,13.347490,77.102173
626,KERALA,ALAPPUZHA,17.5,27.9,45.1,134.0,298.7,593.0,533.0,343.1,276.8,332.9,187.6,51.6,2841.2,45.4,477.8,1745.9,572.1,13.347490,77.102173
627,KERALA,CANNUR,2.5,2.0,7.6,57.9,235.0,852.4,1055.0,540.9,220.7,229.4,91.6,24.1,3319.1,4.5,300.5,2669.0,345.1,13.347490,77.102173
628,KERALA,ERNAKULAM,13.2,18.8,31.2,112.0,300.4,696.4,670.2,401.3,297.1,299.9,145.0,44.4,3029.9,32.0,443.6,2065.0,489.3,13.347490,77.102173
629,KERALA,KOTTAYAM,13.0,24.9,42.3,136.1,281.8,649.1,591.4,386.0,270.8,316.6,177.4,41.1,2930.5,37.9,460.2,1897.3,535.1,13.347490,77.102173
630,KERALA,KOZHIKODE,2.3,3.9,15.1,80.9,256.6,895.8,955.2,500.9,251.2,262.1,130.1,30.0,3384.1,6.2,352.6,2603.1,422.2,13.347490,77.102173
631,KERALA,MALAPPURAM,1.7,3.9,12.7,86.8,221.3,660.9,792.9,395.3,211.3,290.4,135.1,22.8,2835.1,5.6,320.8,2060.4,448.3,13.347490,77.102173
632,KERALA,PALAKKAD,2.9,6.5,22.5,98.7,158.7,464.3,595.4,333.8,179.2,263.8,138.6,25.6,2290.0,9.4,279.9,1572.7,428.0,13.347490,77.102173
633,KERALA,KOLLAM,17.5,33.7,62.6,158.5,248.5,457.7,398.0,258.7,217.9,362.7,221.4,54.5,2491.7,51.2,469.6,1332.3,638.6,13.347490,77.102173
634,KERALA,THRISSUR,3.4,7.5,17.0,79.2,289.1,707.4,772.9,440.1,277.1,296.3,138.1,35.0,3063.1,10.9,385.3,2197.5,469.4,13.347490,77.102173
635,KERALA,THIRUVANANTHA,19.3,21.1,35.5,116.7,216.6,338.7,228.9,142.0,161.7,268.0,192.0,62.7,1803.2,40.4,368.8,871.3,522.7,13.347490,77.102173
636,KERALA,IDUKKI,13.4,22.1,43.6,150.4,232.6,651.6,788.9,527.3,308.4,343.2,172.9,48.1,3302.5,35.5,426.6,2276.2,564.2,13.347490,77.102173
637,KERALA,KASARGOD,2.3,1.0,8.4,46.9,217.6,999.6,1108.5,636.3,263.1,234.9,84.6,18.4,3621.6,3.3,272.9,3007.5,337.9,13.347490,77.102173
638,KERALA,PATHANAMTHITTA,19.8,45.2,73.9,184.9,294.7,556.9,539.9,352.7,266.2,359.4,213.5,51.3,2958.4,65.0,553.5,1715.7,624.2,13.347490,77.102173
639,KERALA,WAYANAD,4.8,8.3,17.5,83.3,174.6,698.1,1110.4,592.9,230.7,213.1,93.6,25.8,3253.1,13.1,275.4,2632.1,332.5,13.347490,77.102173
640,LAKSHADWEEP,LAKSHADWEEP,20.8,14.7,11.8,48.9,171.7,330.2,287.7,217.5,163.1,157.1,117.7,58.8,1600.0,35.5,232.4,998.5,333.6,13.347490,77.102173
